company_name,trade,ownership_type,ownership_confidence,parent_company_or_notes,city,county,zip,address,phone,website,google_rating,google_reviews,maps_services,license_types,license_type_labels,license_numbers,active_license_count,qualifying_agents_or_licensees,latest_expiration_seen,enrichment_source,data_source
DAVIS BROTHERS ALACHUA PLUMBING LLC,Plumbing,Family-Owned,Pattern match,Name/marketing indicates family ownership,High Springs,Alachua,32643,"17329 Nw 238Th Terrace, High Springs, FL, 32643",,,,,,CFC,Certified Plumbing Contractor,CFC1429587; CFC1429590,2,"DAVIS, CLAYTON THOMAS; DAVIS, RANDALL W",08/31/2028,,FL DBPR Construction License Extract (Current + Active)
"HOGLE AND SON HEATING AND AIR, LLC",HVAC,Family-Owned,Pattern match,Name/marketing indicates family ownership,Gainesville,Alachua,32606,"3562  Nw 97Th Blvd, Gainesville, FL, 32606",,,,,,CAC,Certified Air Conditioning Contractor,CAC1819132,1,"HOGLE, JACOB D",08/31/2028,,FL DBPR Construction License Extract (Current + Active)
TYRONE AND SONS PLUMBING LLC,Plumbing,Family-Owned,Pattern match,Name/marketing indicates family ownership,Archer,Alachua,32618,"13793 Sw 167Th Terr, Archer, FL, 32618",,,,,,CFC,Certified Plumbing Contractor,CFC1431222,1,"NOBLES, TYRONE LAVARIS",08/31/2028,,FL DBPR Construction License Extract (Current + Active)
FRANK WOOD & SON SERVICES LLC,Plumbing + HVAC,Family-Owned,Pattern match,Name/marketing indicates family ownership,Panama City Beach,Bay,32407,"1815 Turner Wood Lane, Panama City Beach, FL, 32407",,,,,,"CFC, CMC",Certified Mechanical Contractor; Certified Plumbing Contractor,CFC1427496; CMC1250535,2,"WOOD, ZHON PATRICK",08/31/2028,,FL DBPR Construction License Extract (Current + Active)
"MATT & SONS PLUMBING, LLC",Plumbing,Family-Owned,Pattern match,Name/marketing indicates family ownership,Panama City Beach,Bay,32407,"332 Fernwood Street, Panama City Beach, FL, 32407",,,,,,CFC,Certified Plumbing Contractor,CFC1431623,1,"SISTRUNK, MATTHEW JR",08/31/2026,,FL DBPR Construction License Extract (Current + Active)
MUTH & SONS PLUMBING INC,Plumbing,Family-Owned,Pattern match,Name/marketing indicates family ownership,Panama City,Bay,32401,"708 Mlk Blvd, Panama City, FL, 32401",(850) 763-2395,muthandsonsplumbing.com,4.3,35,Plumber,CFC,Certified Plumbing Contractor,CFC1426961; CFC1431078,2,"MUTH, BRIAN EDWARD; MUTH, PATRICK EDWARD",08/31/2028,data/companies.json (Google Maps scrape),FL DBPR Construction License Extract (Current + Active)
PEADEN AIR CONDITIONING ~ PLUMBING ~ ELECTRICAL,Plumbing + HVAC,Family-Owned,Confirmed,Peaden Air Conditioning — family-run (Daws brothers); public about page,Panama City Beach,Bay,32413,"22120 Marsh Rabbit Run, Panama City Beach, FL, 32413",,,,,,"CAC, CFC",Certified Air Conditioning Contractor; Certified Plumbing Contractor,CAC1820334; CFC1430716,2,"DAWS, BRIANT REED",08/31/2028,,FL DBPR Construction License Extract (Current + Active)
BAKER BROTHERS HEATING & AIR,HVAC,Family-Owned,Pattern match,Name/marketing indicates family ownership,Starke,Bradford,32091,"1505 Crum St, Starke, FL, 32091",,,,,,CAC,Certified Air Conditioning Contractor,CAC1822280,1,"BAKER, TAYLOR JAY",08/31/2028,,FL DBPR Construction License Extract (Current + Active)
STRUNK AND SONS PLUMBING LLC,Plumbing,Family-Owned,Pattern match,Name/marketing indicates family ownership,Starke,Bradford,32091,"8118 Nw 183Rd Terr, Starke, FL, 32091",,,,,,CFC,Certified Plumbing Contractor,CFC1433729,1,"STRUNK, TIMOTHY WILLIAM JR",08/31/2028,,FL DBPR Construction License Extract (Current + Active)
COASTAL BROTHERS AIR & HEAT LLC,HVAC,Family-Owned,Pattern match,Name/marketing indicates family ownership,Cocoa,Brevard,32927,"3975 Juanita St, Cocoa, FL, 32927",,,,,,RA,Registered Air Conditioning Contractor,RA13067736,1,"BARFIELD , BRANDON",08/31/2027,,FL DBPR Construction License Extract (Current + Active)
DURHAM & SONS INC,HVAC,Family-Owned,Pattern match,Name/marketing indicates family ownership,Melbourne,Brevard,32935,"1947 N Harbor City Blvd, Melbourne, FL, 32935",,,,,,CAC,Certified Air Conditioning Contractor,CAC1814074; CAC1814163; CAC1814969; CAC1823187,4,"CARTER, CLAYTON; CARTER, STEPHEN EDWARD; DURHAM, RALPH W; DURHAM, RALPH W JR",08/31/2028,,FL DBPR Construction License Extract (Current + Active)
KELLEY & SONS PLUMBING INC,Plumbing,Family-Owned,Pattern match,Name/marketing indicates family ownership,Cocoa,Brevard,32926,"4620 Citrus Blvd, Cocoa, FL, 32926",,,,,,RF,Registered Plumbing Contractor,RF11067634,1,"KELLEY, CAMERON WAYNE",08/31/2027,,FL DBPR Construction License Extract (Current + Active)
BIG C AND SONS INC,HVAC,Family-Owned,Pattern match,Name/marketing indicates family ownership,Margate,Broward,33068-3110,"590 Sw 49Th Ter, Margate, FL, 33068-3110",,,,,,CAC,Certified Air Conditioning Contractor,CAC1817687,1,"CHISHOLM, BYRON DAVE",08/31/2028,,FL DBPR Construction License Extract (Current + Active)
BROTHERS XPRESS PLUMBING & DRAIN SOLUTIONS CORP,Plumbing,Family-Owned,Pattern match,Name/marketing indicates family ownership,Hollywood,Broward,33024-2732,"2720 North 72Nd Way, Hollywood, FL, 33024-2732",,,,,,CFC,Certified Plumbing Contractor,CFC1434262,1,"OSBRACH, EBEN DYLAN",08/31/2028,,FL DBPR Construction License Extract (Current + Active)
DATTILE & SONS PLUMBING,Plumbing,Family-Owned,Pattern match,Name/marketing indicates family ownership,Coral Springs,Broward,33067,"8568 Nw 46Th Drive, Coral Springs, FL, 33067",,,,,,CFC,Certified Plumbing Contractor,CFC1426068,1,"DATTILE, KEITH",08/31/2028,,FL DBPR Construction License Extract (Current + Active)
FATHER & SON PLUMBING SERVICES INC,Plumbing,Family-Owned,Pattern match,Name/marketing indicates family ownership,Plantation,Broward,33317,"5301 Sw 8Th Street, Plantation, FL, 33317",,,,,,CFC,Certified Plumbing Contractor,CFC1427011,1,"MISTLER, PETER JAMES",08/31/2026,,FL DBPR Construction License Extract (Current + Active)
FLEMING BROTHERS SERVICES INC,HVAC,Family-Owned,Pattern match,Name/marketing indicates family ownership,Cooper City,Broward,33328,"5202 Sw 90Th Ter, Cooper City, FL, 33328",,,,,,CAC,Certified Air Conditioning Contractor,CAC057502,1,"FLEMING, DOUGLAS ERIC",08/31/2028,,FL DBPR Construction License Extract (Current + Active)
HENRY & SONS PLUMBING & HEATING INC,Plumbing,Family-Owned,Pattern match,Name/marketing indicates family ownership,Davie,Broward,33314,"4755  Sw 73Rd Ave., Davie, FL, 33314",,,,,,CFC,Certified Plumbing Contractor,CFC057722,1,"CABALLERO, ENRIQUE",08/31/2028,,FL DBPR Construction License Extract (Current + Active)
SHAWN & SONS PLUMBING INC,Plumbing,Family-Owned,Pattern match,Name/marketing indicates family ownership,Lighthouse Point,Broward,33064,"5031 Ne 26 Terrace, Lighthouse Point, FL, 33064",,,,,,CFC,Certified Plumbing Contractor,CFC1426978,1,"MARINI, ROBERTO",08/31/2028,,FL DBPR Construction License Extract (Current + Active)
K C & SON REPAIRS INC,Plumbing,Family-Owned,Pattern match,Name/marketing indicates family ownership,Blountstown,Calhoun,32424,"P.O. Box 298, Blountstown, FL, 32424",,,,,,CFC,Certified Plumbing Contractor,CFC1426318,1,"CLARK, KEITH A.",08/31/2028,,FL DBPR Construction License Extract (Current + Active)
KC & SON REPAIRS INC,Plumbing,Family-Owned,Pattern match,Name/marketing indicates family ownership,Blountstown,Calhoun,32424,"Po Box 298, Blountstown, FL, 32424",,,,,,RF,Registered Plumbing Contractor,RF11067286,1,"CLARK, DAVID SCOTT",08/31/2027,,FL DBPR Construction License Extract (Current + Active)
BOSCH BROTHERS AIR CONDITIONING CORP,HVAC,Family-Owned,Pattern match,Name/marketing indicates family ownership,Punta Gorda,Charlotte,33951,"P O Box 510945, Punta Gorda, FL, 33951",,,,,,CAC,Certified Air Conditioning Contractor,CAC1815961,1,"BOSCH, HERBERT FRANCIS",08/31/2028,,FL DBPR Construction License Extract (Current + Active)
BOYD BROTHERS SERVICE INC,HVAC,Family-Owned,Pattern match,Name/marketing indicates family ownership,Punta Gorda,Charlotte,33983,"2460 Highlands Road, Punta Gorda, FL, 33983",,,,,,CAC,Certified Air Conditioning Contractor,CAC043852,1,"BOYD, RONALD BORYSKEWICH",08/31/2026,,FL DBPR Construction License Extract (Current + Active)
"MULLENS & SONS PLUMBING, LLC",Plumbing,Family-Owned,Pattern match,Name/marketing indicates family ownership,Punta Gorda,Charlotte,33983,"27176 Voyageur Drive, Punta Gorda, FL, 33983",,,,,,CFC,Certified Plumbing Contractor,CFC1430778,1,"MULLENS, JOHN",08/31/2028,,FL DBPR Construction License Extract (Current + Active)
SMOTHERS BROTHERS AIR CONDITIONING,HVAC,Family-Owned,Pattern match,Name/marketing indicates family ownership,Port Charlotte,Charlotte,33954,"17194 Toledo Blade Blvd, Port Charlotte, FL, 33954",,,,,,CAC,Certified Air Conditioning Contractor,CAC1818937,1,"LARSON, ADAM VERNON",08/31/2028,,FL DBPR Construction License Extract (Current + Active)
ESKIMO BROTHERS AC AND HEATING,HVAC,Family-Owned,Pattern match,Name/marketing indicates family ownership,Homosassa,Citrus,34448,"7745 W Homosassa Trail, Homosassa, FL, 34448",,,,,,CAC,Certified Air Conditioning Contractor,CAC1823715,1,"BASS, HENRY EDGAR",08/31/2028,,FL DBPR Construction License Extract (Current + Active)
MITCH DUNCAN & SON PLUMBING INC,Plumbing,Family-Owned,Pattern match,Name/marketing indicates family ownership,Inverness,Citrus,34450,"781 North Horse Prairie Road, Inverness, FL, 34450",,,,,,CFC,Certified Plumbing Contractor,CFC051642,1,"DUNCAN, WILLIAM MITCHELL",08/31/2026,,FL DBPR Construction License Extract (Current + Active)
OLDE ENGLISH & SON PLUMBING INC,Plumbing,Family-Owned,Pattern match,Name/marketing indicates family ownership,Homossasa,Citrus,34448,"2190 S Bolton Ave, Homossasa, FL, 34448",,,,,,CFC,Certified Plumbing Contractor,CFC032582,1,"COLLINS, MICHAEL L",08/31/2026,,FL DBPR Construction License Extract (Current + Active)
SCHUMACHER&SON PLUMBING 'LLC',Plumbing,Family-Owned,Pattern match,Name/marketing indicates family ownership,Homosassa,Citrus,34446,"5734 S Jeffrey Point, Homosassa, FL, 34446",,,,,,CFC,Certified Plumbing Contractor,CFC1425615,1,"MAINHART, RICHARD DARWIN",08/31/2028,,FL DBPR Construction License Extract (Current + Active)
STRATTON & SONS PLUMBING LLC,Plumbing,Family-Owned,Pattern match,Name/marketing indicates family ownership,Hernando,Citrus,34442,"1064 W Union Street, Hernando, FL, 34442",,,,,,CFC,Certified Plumbing Contractor,CFC1431793,1,"STRATTON, TALLON ALBERT",08/31/2026,,FL DBPR Construction License Extract (Current + Active)
ACRES & SON PLUMBING INC,Plumbing,Family-Owned,Pattern match,Name/marketing indicates family ownership,Naples,Collier,34105,"2913 68Th Street Sw, Naples, FL, 34105",,,,,,CFC,Certified Plumbing Contractor,CFC57749,1,"ACRES, RANDY M",08/31/2028,,FL DBPR Construction License Extract (Current + Active)
CAMPBELL'S BROTHERS PLUMBING SERVICES INC,Plumbing,Family-Owned,Pattern match,Name/marketing indicates family ownership,Naples,Collier,34104,"4051 Coconut Circle N, Naples, FL, 34104",,,,,,CFC,Certified Plumbing Contractor,CFC1427472,1,"CAMPBELL, DARRIN J",08/31/2028,,FL DBPR Construction License Extract (Current + Active)
"HENRY & SON PLUMBING SOLUTIONS , LLC",Plumbing,Family-Owned,Pattern match,Name/marketing indicates family ownership,Naples,Collier,34105,"300 Forest Lakes Blvd Apt 101, Naples, FL, 34105",,,,,,RF,Registered Plumbing Contractor,RF11067955,1,"CZERWINSKI, HENRY III",08/31/2027,,FL DBPR Construction License Extract (Current + Active)
"J.P. BRETT & SONS, INC.",HVAC,Family-Owned,Pattern match,Name/marketing indicates family ownership,Naples,Collier,34120,"690 24Th Ave. N. E., Naples, FL, 34120",,,,,,CAC,Certified Air Conditioning Contractor,CAC057414; CAC1819995,2,"BRETT, DANIEL JOSEPH; MERRIAM, CASEY JAMES",08/31/2028,,FL DBPR Construction License Extract (Current + Active)
MOEN BROTHERS PLUMBING & DRAIN LLC,Plumbing,Family-Owned,Pattern match,Name/marketing indicates family ownership,Naples,Collier,34110,"16265  Aberdeen Way, Naples, FL, 34110",(239) 567-9933,www.moenbrothers.com,4.9,706,Plumber,CFC,Certified Plumbing Contractor,CFC1428497,1,"MOEN, MATTHEW M",08/31/2028,data/companies.json (Google Maps scrape),FL DBPR Construction License Extract (Current + Active)
"RICH MATHEWS & SON, INC.",Plumbing,Family-Owned,Pattern match,Name/marketing indicates family ownership,Naples,Collier,34110,"1211 Imperial Dr, Naples, FL, 34110",,,,,,CFC,Certified Plumbing Contractor,CFC1432212,1,"MATHEWS, RICHARD THOMAS",08/31/2026,,FL DBPR Construction License Extract (Current + Active)
ACE BROTHERS HEATING & AIR LLC,HVAC,Family-Owned,Pattern match,Name/marketing indicates family ownership,Jacksonville,Duval,32256,"7741 Sawtooth Ct, Jacksonville, FL, 32256",,,,,,CAC,Certified Air Conditioning Contractor,CAC1823683,1,"DOKOLLARI, ENEA",08/31/2028,,FL DBPR Construction License Extract (Current + Active)
CHRISTIAN BROTHERS HEATING AND AIR LLC,HVAC,Family-Owned,Pattern match,Name/marketing indicates family ownership,Jacksonville,Duval,32246,"10968 Aloha Dr, Jacksonville, FL, 32246",,,,,,CAC,Certified Air Conditioning Contractor,CAC1823349,1,"JOHNSON, JONATHAN MICHAEL",08/31/2028,,FL DBPR Construction License Extract (Current + Active)
"CHRISTIAN BROTHERS PLUMBING AND RENOVATIONS, LLC",Plumbing,Family-Owned,Pattern match,Name/marketing indicates family ownership,Jacksonville,Duval,32209,"2800 12686 Kernan Forest Blvd, Jacksonville, FL, 32209",,,,,,CFC,Certified Plumbing Contractor,CFC1428684,1,"POWELL, DOUGLAS T JR",08/31/2026,,FL DBPR Construction License Extract (Current + Active)
HALL AND SONS PLUMBING INC,Plumbing,Family-Owned,Pattern match,Name/marketing indicates family ownership,Jacksonville,Duval,32257,"9716 Florida Mining Blvd W Suite 2, Jacksonville, FL, 32257",,,,,,CFC,Certified Plumbing Contractor,CFC1425980,1,"HALL, GARY WAYNE II",08/31/2028,,FL DBPR Construction License Extract (Current + Active)
LARRY TEAGUE AND SONS HEATING & AIR CONDITIONING INC,HVAC,Family-Owned,Pattern match,Name/marketing indicates family ownership,Jacksonville,Duval,32218,"3601 Bessent Road, Jacksonville, FL, 32218",,,,,,CAC,Certified Air Conditioning Contractor,CAC1816895,1,"BROWNING, KATHY L",08/31/2028,,FL DBPR Construction License Extract (Current + Active)
"MAYNOR AND SONS, LLC",HVAC,Family-Owned,Pattern match,Name/marketing indicates family ownership,Jacksonville,Duval,32225,"2038 Raley Creek Dr East, Jacksonville, FL, 32225",,,,,,CAC,Certified Air Conditioning Contractor,CAC1821216,1,"MAYNOR, THARA",08/31/2028,,FL DBPR Construction License Extract (Current + Active)
MCCULLOUGH & SONS INC,Plumbing + HVAC,Family-Owned,Pattern match,Name/marketing indicates family ownership,Century,Escambia,32535,"4651 W Highway 4, Century, FL, 32535",,,,,,"CFC, CMC",Certified Mechanical Contractor; Certified Plumbing Contractor,CFC1426745; CMC1249536,2,"MCCULLOUGH, CHARLES A",08/31/2026,,FL DBPR Construction License Extract (Current + Active)
"PAYNE & SON PLUMBING & HEATING, INC.",Plumbing,Family-Owned,Pattern match,Name/marketing indicates family ownership,Cantonment,Escambia,32533,"550 West Roberts Rd, Cantonment, FL, 32533",,,,,,RF,Registered Plumbing Contractor,RF11067588,1,"PAYNE, DOUGLAS R",08/31/2027,,FL DBPR Construction License Extract (Current + Active)
SPIVEY & SON PLUMBING INC,Plumbing,Family-Owned,Pattern match,Name/marketing indicates family ownership,Pensacola,Escambia,32506,"9820 Vonna Jo Dr, Pensacola, FL, 32506",,,,,,CFC,Certified Plumbing Contractor,CFC035765,1,"MARCANIO, DOMINIC",08/31/2026,,FL DBPR Construction License Extract (Current + Active)
D G MILLER & SON PLUMBING,Plumbing,Family-Owned,Pattern match,Name/marketing indicates family ownership,Quincy,Gadsden,32352,"5641 Pt Milligan Rd, Quincy, FL, 32352",,,,,,CFC,Certified Plumbing Contractor,CFC1426065,1,"MILLER, DENNIS G",08/31/2028,,FL DBPR Construction License Extract (Current + Active)
ECHANIQUE & SONS MECHANICAL CORP,Mechanical,Family-Owned,Pattern match,Name/marketing indicates family ownership,Spring Hill,Hernando,34609,"12316 Clarendon Court, Spring Hill, FL, 34609",,,,,,CMC,Certified Mechanical Contractor,CMC1249328,1,"ECHANIQUE, ROBERTO GASTON",08/31/2028,,FL DBPR Construction License Extract (Current + Active)
ELIAS BROTHERS COOLING LLC,HVAC,Family-Owned,Pattern match,Name/marketing indicates family ownership,Weeki Wachee,Hernando,33613,"6487  Schering St, Weeki Wachee, FL, 33613",,,,,,CAC,Certified Air Conditioning Contractor,CAC1820355,1,"ELIAS SANTOS, JAVIER LAZARO",08/31/2028,,FL DBPR Construction License Extract (Current + Active)
ALEX & SON HEATING & COOLING LLC,HVAC,Family-Owned,Pattern match,Name/marketing indicates family ownership,Lutz,Hillsborough,33549,"14822 N 20Th St, Lutz, FL, 33549",,,,,,CAC,Certified Air Conditioning Contractor,CAC1822572,1,"GONZALEZ, CHRISTOPHER",08/31/2028,,FL DBPR Construction License Extract (Current + Active)
BOYER & SONS SERVICE CORPORATION,HVAC,Family-Owned,Pattern match,Name/marketing indicates family ownership,Tampa,Hillsborough,33619,"716 Flame Tree Rd, Tampa, FL, 33619",,,,,,CAC,Certified Air Conditioning Contractor,CAC1817090,1,"BOYER, RICHARD LAWRENCE",08/31/2026,,FL DBPR Construction License Extract (Current + Active)
"BRENNICK BROTHERS, INC",Plumbing + HVAC,Family-Owned,Pattern match,Name/marketing indicates family ownership,Riverview,Hillsborough,33568,"Po Box 279, Riverview, FL, 33568",,,,,,"CFC, CMC",Certified Mechanical Contractor; Certified Plumbing Contractor,CFC041732; CMC042541,2,"BRENNICK, MICHAEL JOSEPH",08/31/2028,,FL DBPR Construction License Extract (Current + Active)
CICCARELLO & SON INC,Plumbing,Family-Owned,Pattern match,Name/marketing indicates family ownership,Tampa,Hillsborough,33614,"4503 W. Jean Street, Tampa, FL, 33614",,,,,,CFC,Certified Plumbing Contractor,CFC056935,1,"CICCARELLO, LAURENT NICHOLAS",08/31/2028,,FL DBPR Construction License Extract (Current + Active)
"FERLITA & SON PLUMBING, INC.",Plumbing,Family-Owned,Pattern match,Name/marketing indicates family ownership,Tampa,Hillsborough,33614,"8023 N Clark Ave, Tampa, FL, 33614",,,,,,CFC,Certified Plumbing Contractor,CFC1431070,1,"FERLITA, ANGELO WILLIAM",08/31/2028,,FL DBPR Construction License Extract (Current + Active)
FERNANDEZ & SONS PLUMBING INC,Plumbing,Family-Owned,Pattern match,Name/marketing indicates family ownership,Tampa,Hillsborough,33604,"7910 N Packwood Ave, Tampa, FL, 33604",,,,,,CFC,Certified Plumbing Contractor,CFC1426301,1,"FERNANDEZ, OCTAVIO",08/31/2028,,FL DBPR Construction License Extract (Current + Active)
FERRO & SON SERVICES LLC,Plumbing,Family-Owned,Pattern match,Name/marketing indicates family ownership,Tampa,Hillsborough,33625,"11624 Meadowdale Dr, Tampa, FL, 33625",,,,,,CFC,Certified Plumbing Contractor,CFC1430451; CFC1431650,2,"BELLO, MAILY; GILKEY, GARRETT",08/31/2028,,FL DBPR Construction License Extract (Current + Active)
"FONTANA BROTHERS HEATING & AIR CONDITIONING, LLC",HVAC,Family-Owned,Pattern match,Name/marketing indicates family ownership,Tampa,Hillsborough,33634,"7517 Rustic Dr, Tampa, FL, 33634",,,,,,CAC,Certified Air Conditioning Contractor,CAC1817303,1,"FONTANA, PATRICK CHRISTIAN",08/31/2026,,FL DBPR Construction License Extract (Current + Active)
MILLERMAN & SONS HEATING & COOLING LLC,HVAC,Family-Owned,Pattern match,Name/marketing indicates family ownership,Plant City,Hillsborough,33567,"727  Swilley Loop, Plant City, FL, 33567",,,,,,CAC,Certified Air Conditioning Contractor,CAC058383,1,"MILLER, FRANCIS JOSEPH",08/31/2028,,FL DBPR Construction License Extract (Current + Active)
NO SWEAT FATHER & SON HEATING AND COOLING LLC,HVAC,Family-Owned,Pattern match,Name/marketing indicates family ownership,Tampa,Hillsborough,33607,"2126 W St. Joseph St, Tampa, FL, 33607",,,,,,CAC,Certified Air Conditioning Contractor,CAC1823625,1,"PEREZ, YAMIAN",08/31/2028,,FL DBPR Construction License Extract (Current + Active)
ROMAN & SONS AC LLC,HVAC,Family-Owned,Pattern match,Name/marketing indicates family ownership,Tampa,Hillsborough,33629,"3605 South Grady Avenue, Tampa, FL, 33629",,,,,,CAC,Certified Air Conditioning Contractor,CAC033656,1,"ROMAN, JOHN A",08/31/2028,,FL DBPR Construction License Extract (Current + Active)
"TWO BROTHERS AIR AND HEAT,INC.",HVAC,Family-Owned,Pattern match,Name/marketing indicates family ownership,Brandon,Hillsborough,33511,"511 Charles Pl, Brandon, FL, 33511",,,,,,CAC,Certified Air Conditioning Contractor,CAC1819400,1,"SALVIA BETANCOURT, YORDANY",08/31/2028,,FL DBPR Construction License Extract (Current + Active)
DAVIS & SON'S PLUMBING,Plumbing,Family-Owned,Pattern match,Name/marketing indicates family ownership,Bonifay,Holmes,32425-7205,"2271 Hwy 2, Bonifay, FL, 32425-7205",,,,,,CFC,Certified Plumbing Contractor,CFC1425994,1,"DAVIS, JAMES LEE",08/31/2028,,FL DBPR Construction License Extract (Current + Active)
FATHER AND SON MECHANICAL LLC,HVAC,Family-Owned,Pattern match,Name/marketing indicates family ownership,Sebastian,Indian River,32958,"407   Easy Street, Sebastian, FL, 32958",,,,,,CAC,Certified Air Conditioning Contractor,CAC1820958,1,"BOGARD, KENNETH G",08/31/2028,,FL DBPR Construction License Extract (Current + Active)
MAXWELL & SON INC,Plumbing,Family-Owned,Pattern match,Name/marketing indicates family ownership,Sebastian,Indian River,32958-3893,"920 Truman St, Sebastian, FL, 32958-3893",,,,,,CFC,Certified Plumbing Contractor,CFC026551,1,"MAXWELL, JAMES RICHARD",08/31/2028,,FL DBPR Construction License Extract (Current + Active)
MEEK & SONS PLUMBING INC,Plumbing,Family-Owned,Pattern match,Name/marketing indicates family ownership,Sebastian,Indian River,32958,"9615 Trade Center Dr, Sebastian, FL, 32958",,,,,,CFC,Certified Plumbing Contractor,CFC057372,1,"MEEK, DAVID WREN",08/31/2028,,FL DBPR Construction License Extract (Current + Active)
SEMBLER & SONS LLC,Plumbing,Family-Owned,Pattern match,Name/marketing indicates family ownership,Fellsmere,Indian River,32948,"13620 103Rd St, Fellsmere, FL, 32948",,,,,,CFC,Certified Plumbing Contractor,CFC1432516,1,"SEMBLER, ALLEN",08/31/2028,,FL DBPR Construction License Extract (Current + Active)
"GRICE AND SON SEPTIC TANK SERVICES, INC.",Plumbing,Family-Owned,Pattern match,Name/marketing indicates family ownership,Sneads,Jackson,32460,"7560 Old Us 90 Lane, Sneads, FL, 32460",,,,,,CFC,Certified Plumbing Contractor,CFC1433713,1,"GRICE, CRAIG INGRAM",08/31/2028,,FL DBPR Construction License Extract (Current + Active)
DALY BROTHERS PLUMBING INC,Plumbing,Family-Owned,Pattern match,Name/marketing indicates family ownership,Tavares,Lake,32778,"3605 Meadow Green Dr., Tavares, FL, 32778",,,,,,CFC,Certified Plumbing Contractor,CFC057480,1,"DALY, JAMES WILLIAM",08/31/2028,,FL DBPR Construction License Extract (Current + Active)
DUNSTAN & SON PLUMBING CO INC,Plumbing,Family-Owned,Pattern match,Name/marketing indicates family ownership,Leesburg,Lake,34748,"1127 West Main St, Leesburg, FL, 34748",,,,,,CFC,Certified Plumbing Contractor,CFC057100; CFC1434295,2,"HYLTON, GERALD ADRIAN JR; SNYDER, JOHN WILLIAM",08/31/2028,,FL DBPR Construction License Extract (Current + Active)
KILEY & SONS INC,Plumbing,Family-Owned,Pattern match,Name/marketing indicates family ownership,Lady Lake,Lake,32159,"3015 Pine Grove Ln, Lady Lake, FL, 32159",,,,,,CFC,Certified Plumbing Contractor,CFC1426882,1,"KILEY, JOHN F",08/31/2026,,FL DBPR Construction License Extract (Current + Active)
SANTOS & SONS AIR AND HEAT LLC,HVAC,Family-Owned,Pattern match,Name/marketing indicates family ownership,Minneola,Lake,34715,"1122 Woods Landing Drive, Minneola, FL, 34715",,,,,,CAC,Certified Air Conditioning Contractor,CAC1822091,1,"KHAN, HARESH",08/31/2026,,FL DBPR Construction License Extract (Current + Active)
SMITTY & SONS PLUMBING & CONSTRUCTION INC,Plumbing,Family-Owned,Pattern match,Name/marketing indicates family ownership,Sorrento,Lake,32776,"36720 Nashua Blvd, Sorrento, FL, 32776",,,,,,CFC,Certified Plumbing Contractor,CFC1426763,1,"SMITH, DAVID B.",08/31/2028,,FL DBPR Construction License Extract (Current + Active)
A/C BROTHERS INC.,Mechanical,Family-Owned,Pattern match,Name/marketing indicates family ownership,Cape Coral,Lee,33993,"1215 Nw 2Nd St, Cape Coral, FL, 33993",,,,,,CMC,Certified Mechanical Contractor,CMC1250436,1,"VON BEHREN, KURT JOHN JR",08/31/2028,,FL DBPR Construction License Extract (Current + Active)
ACREE PLUMBING AIR & ELECTRIC,Plumbing + HVAC,Family-Owned,Pattern match,"Acree Plumbing, Air & Electric — long-standing Florida family brand",Bonita Springs,Lee,34134,"27751  Marina Pointe Drive, Bonita Springs, FL, 34134",(813) 324-1661,trustacree.com,4.6,10873,"HVAC contractor, Air conditioning contractor, Air conditioning repair service, Air duct cleaning service, Electrician, Furnace repair service, Gasfitter, Heating contractor","CAC, CFC",Certified Air Conditioning Contractor; Certified Plumbing Contractor,CAC050424; CAC1819746; CFC1430228,3,"LUKE, PAUL B; TRINO, VICTOR ANTHONY; WATSON, LAURA LEE",08/31/2028,data/companies.json (Google Maps scrape),FL DBPR Construction License Extract (Current + Active)
"AIR REPAIR BY CARLSON & SON, INC",HVAC,Family-Owned,Pattern match,Name/marketing indicates family ownership,North Fort Myers,Lee,33917,"20900  Huffmaster Road, North Fort Myers, FL, 33917",,,,,,CAC,Certified Air Conditioning Contractor,CAC1818278,1,"KOZIOL, THOMAS J",08/31/2028,,FL DBPR Construction License Extract (Current + Active)
AZTEC PLUMBING INC,Plumbing,Family-Owned,Pattern match,Aztec Plumbing — long-standing Tampa Bay independent,Cape Coral,Lee,33991,"11922 Prince Charles Ct., Cape Coral, FL, 33991",(239) 666-3900,www.aztecplumbing.net/service-area/fort-myers-fl,4.8,5997,Plumber,CFC,Certified Plumbing Contractor,CFC1427446,1,"TEDESCO, CHRISTOPHER",08/31/2028,data/companies.json (Google Maps scrape),FL DBPR Construction License Extract (Current + Active)
B N E BROTHERS HVAC INC,HVAC,Family-Owned,Pattern match,Name/marketing indicates family ownership,Lehigh Acres,Lee,33971,"5209 6Th St W, Lehigh Acres, FL, 33971",,,,,,CAC,Certified Air Conditioning Contractor,CAC1822042,1,"DE LEON, JAVIER",08/31/2028,,FL DBPR Construction License Extract (Current + Active)
BARBEE & SON GENERAL CONTRACTORS INC,Plumbing,Family-Owned,Pattern match,Name/marketing indicates family ownership,Fort Myers,Lee,33901,"1936 Grace Ave, Fort Myers, FL, 33901",,,,,,RF,Registered Plumbing Contractor,RF0036115,1,"BARBEE, JOSEPH E",08/31/2027,,FL DBPR Construction License Extract (Current + Active)
CAMIS BROTHERS HANDYMAN SERVICE LLC,Plumbing,Family-Owned,Pattern match,Name/marketing indicates family ownership,Alva,Lee,33920,"18250 Palm Beach Blvd, Alva, FL, 33920",,,,,,CFC,Certified Plumbing Contractor,CFC1430252,1,"CAMIS, DANNY",08/31/2028,,FL DBPR Construction License Extract (Current + Active)
"CARRIGAN BROTHERS, LLC",Plumbing,Family-Owned,Pattern match,Name/marketing indicates family ownership,Sanibel,Lee,33957,"6464 Pine Avenue, Sanibel, FL, 33957",,,,,,CFC,Certified Plumbing Contractor,CFC1425646,1,"CARRIGAN, JAMES MARCUS",08/31/2028,,FL DBPR Construction License Extract (Current + Active)
CLYDE WHITE & SONS LLC,HVAC,Family-Owned,Pattern match,Name/marketing indicates family ownership,Fort Myers,Lee,33901,"2130 Willard St, Fort Myers, FL, 33901",,,,,,CAC,Certified Air Conditioning Contractor,CAC1816957,1,"WHITE, DARREN",08/31/2028,,FL DBPR Construction License Extract (Current + Active)
COOLING BROTHERS LLC,Mechanical,Family-Owned,Pattern match,Name/marketing indicates family ownership,Fort Myers,Lee,33905,"3712 Trent St, Fort Myers, FL, 33905",,,,,,CMC,Certified Mechanical Contractor,CMC1251338,1,"BROWN, AARON",08/31/2026,,FL DBPR Construction License Extract (Current + Active)
JANSSEN BROTHERS PLUMBING INC,Plumbing,Family-Owned,Pattern match,Name/marketing indicates family ownership,Cape Coral,Lee,33909,"1020 Ne 32Nd Lane, Cape Coral, FL, 33909",,,,,,CFC,Certified Plumbing Contractor,CFC057615,1,"JANSSEN, CHRISTOPHER SCOTT",08/31/2028,,FL DBPR Construction License Extract (Current + Active)
MABRY BROTHERS INC,HVAC,Family-Owned,Pattern match,Name/marketing indicates family ownership,Fort Myers,Lee,33912,"5731 Halifax Avenue, Fort Myers, FL, 33912",,,,,,CAC,Certified Air Conditioning Contractor,CAC057681; CAC1823913,2,"CELIA, JAMES PATRICK; MABRY, MICHAEL WAYNE",08/31/2028,,FL DBPR Construction License Extract (Current + Active)
"YOUNGQUIST BROTHERS, LLC",HVAC,Family-Owned,Pattern match,Name/marketing indicates family ownership,Fort Myers,Lee,33908,"15465 Pine Ridge Rd, Fort Myers, FL, 33908",,,,,,CAC,Certified Air Conditioning Contractor,CAC1819495,1,"YOUNGQUIST, HARVEY BRUCE JR",08/31/2028,,FL DBPR Construction License Extract (Current + Active)
CARLTON AND SONS LLC,HVAC,Family-Owned,Pattern match,Name/marketing indicates family ownership,Tallahassee,Leon,32310-5772,"1622 Levy Avenue, Tallahassee, FL, 32310-5772",,,,,,CAC,Certified Air Conditioning Contractor,CAC1818028,1,"TINSON, CARLTON T",08/31/2028,,FL DBPR Construction License Extract (Current + Active)
JIM MORRIS AND SON'S AIR CONDITIONING HEATING AND REFRIGERATION,HVAC,Family-Owned,Pattern match,Name/marketing indicates family ownership,Tallahassee,Leon,32316,"Po Box 2294, Tallahassee, FL, 32316",,,,,,CAC,Certified Air Conditioning Contractor,CAC1814782,1,"MORRIS, JAMES ROY",08/31/2028,,FL DBPR Construction License Extract (Current + Active)
KELLY BROTHERS SHEET METAL INC,Mechanical,Family-Owned,Pattern match,Name/marketing indicates family ownership,Tallahassee,Leon,32312,"1428 Ox Bottom Road, Tallahassee, FL, 32312",,,,,,CMC,Certified Mechanical Contractor,CMC1249631,1,"KELLY, RONALD REUBEN JR",08/31/2028,,FL DBPR Construction License Extract (Current + Active)
"PAUL & SON PLUMBING, LLC",Plumbing,Family-Owned,Pattern match,Name/marketing indicates family ownership,Tallahassee,Leon,32317,"P. O. Box 16342, Tallahassee, FL, 32317",,,,,,CFC,Certified Plumbing Contractor,CFC057877,1,"OSTERBYE, PAUL DANIEL",08/31/2028,,FL DBPR Construction License Extract (Current + Active)
"MEEKS & SONS PLUMBING SERVICE, LLC",Plumbing,Family-Owned,Pattern match,Name/marketing indicates family ownership,Chiefland,Levy,32626,"5391 Nw 140 St, Chiefland, FL, 32626",,,,,,CFC,Certified Plumbing Contractor,CFC1426566,1,"MEEKS, RUSSELL S",08/31/2028,,FL DBPR Construction License Extract (Current + Active)
LESTER D PLAIN & SON LLC,Plumbing,Family-Owned,Pattern match,Name/marketing indicates family ownership,Madison,Madison,32340,"2577 Ne State Road 6, Madison, FL, 32340",,,,,,CFC,Certified Plumbing Contractor,CFC1428693,1,"PLAIN, DANIEL LEE",08/31/2028,,FL DBPR Construction License Extract (Current + Active)
"JIM MCDONALD & SONS HEATING AND COOLING, INC.",Plumbing + HVAC,Family-Owned,Pattern match,Name/marketing indicates family ownership,Parrish,Manatee,34219,"12911 50Th Ct E, Parrish, FL, 34219",,,,,,"CAC, CFC",Certified Air Conditioning Contractor; Certified Plumbing Contractor,CAC1821957; CFC1431911,2,"DONALDSON, JEREMY JOSEPH",08/31/2026,,FL DBPR Construction License Extract (Current + Active)
LIBERTY BROTHERS HEATING & AIR LLC,HVAC,Family-Owned,Pattern match,Name/marketing indicates family ownership,Parrish,Manatee,34219,"7806 Gilchrist Springs Dr, Parrish, FL, 34219",,,,,,CAC,Certified Air Conditioning Contractor,CAC1819083,1,"SMITH, IAN CHARLES JR",08/31/2028,,FL DBPR Construction License Extract (Current + Active)
MARTINEZ AND SONS HEATING & COOLING LLC,HVAC,Family-Owned,Pattern match,Name/marketing indicates family ownership,Bradenton,Manatee,34208,"1908 26Th Ave E., Bradenton, FL, 34208",,,,,,CAC,Certified Air Conditioning Contractor,CAC1822404,1,"DIAZ, ARMANDO ANDRES",08/31/2028,,FL DBPR Construction License Extract (Current + Active)
"PICARD & SONS PLUMBING, LLC",Plumbing,Family-Owned,Pattern match,Name/marketing indicates family ownership,Bradenton,Manatee,34209,"8403 14Th Ave Nw, Bradenton, FL, 34209",(941) 773-1039,picardandsonsplumbing.com/contact/4473272,4.6,25,Plumber,CFC,Certified Plumbing Contractor,CFC1429324,1,"PICARD, JONATHAN ROGER",08/31/2028,data/companies.json (Google Maps scrape),FL DBPR Construction License Extract (Current + Active)
WALTER JAMES & SON PLUMBING LLC,Plumbing,Family-Owned,Pattern match,Name/marketing indicates family ownership,Palmetto,Manatee,34221,"1180 8Th Avenue West #420, Palmetto, FL, 34221",,,,,,CFC,Certified Plumbing Contractor,CFC1427816,1,"SHAMPINE, ROBERT R",08/31/2028,,FL DBPR Construction License Extract (Current + Active)
AIR BROTHERS MECHANICAL LLC,HVAC,Family-Owned,Pattern match,Name/marketing indicates family ownership,Ocala,Marion,34473,"15460 Southwest 34Th Court Road, Ocala, FL, 34473",,,,,,CAC,Certified Air Conditioning Contractor,CAC1823749,1,"AMOROSO, GIANCARLO G",08/31/2028,,FL DBPR Construction License Extract (Current + Active)
JOHNSON BROTHERS PLUMBING INC.,Plumbing,Family-Owned,Pattern match,Name/marketing indicates family ownership,Ocala,Marion,34480,"5121 Se 38Th Street, Ocala, FL, 34480",,,,,,CFC,Certified Plumbing Contractor,CFC1431381; CFC1431382,2,"JOHNSON, AARON MD; JOHNSON, MARC",08/31/2028,,FL DBPR Construction License Extract (Current + Active)
KILBURY & SON'S INC,HVAC,Family-Owned,Pattern match,Name/marketing indicates family ownership,Citra,Marion,32113,"755 Ne 168 St, Citra, FL, 32113",,,,,,CAC,Certified Air Conditioning Contractor,CAC027340,1,"KILBURY, RICHARD A",08/31/2028,,FL DBPR Construction License Extract (Current + Active)
"MILLER AND SONS PLUMBING, INCORPORATED",Plumbing,Family-Owned,Pattern match,Name/marketing indicates family ownership,Ocala,Marion,34474,"3700 Sw 7Th Street, Ocala, FL, 34474",,,,,,CFC,Certified Plumbing Contractor,CFC1429711,1,"MILLER, CLINTON J",08/31/2028,,FL DBPR Construction License Extract (Current + Active)
KELLETT & SONS PLUMBING INC.,Plumbing,Family-Owned,Pattern match,Name/marketing indicates family ownership,Jensen Beach,Martin,34958,"Po Box 455, Jensen Beach, FL, 34958",,,,,,CFC,Certified Plumbing Contractor,CFC1429208,1,"KELLETT, JESSE RAYMOND",08/31/2028,,FL DBPR Construction License Extract (Current + Active)
A&G BROTHERS PLUMB AND CONSTRUCTION LLC,Plumbing,Family-Owned,Pattern match,Name/marketing indicates family ownership,Miami,Miami-Dade,33135,"641 Sw 36 Ct, Miami, FL, 33135",,,,,,CFC,Certified Plumbing Contractor,CFC1433348,1,"RODRIGUEZ, JOSE JASSIR",08/31/2028,,FL DBPR Construction License Extract (Current + Active)
ALBERTO AND SON,HVAC,Family-Owned,Pattern match,Name/marketing indicates family ownership,Miami,Miami-Dade,33144-3539,"8319 Grand Canal Drive, Miami, FL, 33144-3539",,,,,,CAC,Certified Air Conditioning Contractor,CAC1819463,1,"HERNANDEZ, CESAR",08/31/2028,,FL DBPR Construction License Extract (Current + Active)
BEST BROTHERS SERVICES & REPAIRS INC,Plumbing,Family-Owned,Pattern match,Name/marketing indicates family ownership,Miami Gardens,Miami-Dade,33055,"20164 Nw 38Th Ave, Miami Gardens, FL, 33055",,,,,,CFC,Certified Plumbing Contractor,CFC1434418,1,"NODA OLIVA, MANUEL",08/31/2028,,FL DBPR Construction License Extract (Current + Active)
"BROTHERS BACKFLOW SPECIALISTS, INC.",Plumbing,Family-Owned,Pattern match,Name/marketing indicates family ownership,Miami,Miami-Dade,33155,"3824 Sw 79Th Avenue Unit # 116, Miami, FL, 33155",,,,,,CFC,Certified Plumbing Contractor,CFC1429905,1,"SANTANA, PEDRO M",08/31/2028,,FL DBPR Construction License Extract (Current + Active)
DEL RIO & SON PLUMBING CORP,Plumbing,Family-Owned,Pattern match,Name/marketing indicates family ownership,Miami,Miami-Dade,33155,"8567 Coral Way # 437, Miami, FL, 33155",,,,,,CFC,Certified Plumbing Contractor,CFC1427828,1,"DEL RIO, EDELBERTO",08/31/2028,,FL DBPR Construction License Extract (Current + Active)
GONZALEZ & SONS EQUIPMENT INC,Mechanical,Family-Owned,Pattern match,Name/marketing indicates family ownership,Hialeah,Miami-Dade,33018,"7555 W 35Th Avenue, Hialeah, FL, 33018",,,,,,CMC,Certified Mechanical Contractor,CMC057146,1,"CASTANEDA, JULIO C",08/31/2028,,FL DBPR Construction License Extract (Current + Active)
HABER & SONS PLUMBING INC,Plumbing,Family-Owned,Pattern match,Name/marketing indicates family ownership,Miami,Miami-Dade,33142,"4106 Nw 37Th Ave, Miami, FL, 33142",,,,,,CFC,Certified Plumbing Contractor,CFC057165,1,"HABER, JOSE",08/31/2028,,FL DBPR Construction License Extract (Current + Active)
"JO BROTHERS CONSTRUCTION & RESTORATION, INC",Plumbing + HVAC,Family-Owned,Pattern match,Name/marketing indicates family ownership,Miami,Miami-Dade,33147,"1775 Nw 76Th Terrace, Miami, FL, 33147",,,,,,"CFC, CMC",Certified Mechanical Contractor; Certified Plumbing Contractor,CFC1431163; CMC1251547,2,"ORTEZ, JAIME ANTONIO",08/31/2028,,FL DBPR Construction License Extract (Current + Active)
MORALES AND SON INC,HVAC,Family-Owned,Pattern match,Name/marketing indicates family ownership,Miami Gardens,Miami-Dade,33054,"3400   Nw 151St Terrace, Miami Gardens, FL, 33054",,,,,,CAC,Certified Air Conditioning Contractor,CAC1818787,1,"MORALES, ANTONIO",08/31/2026,,FL DBPR Construction License Extract (Current + Active)
NEL & SONS INC,HVAC,Family-Owned,Pattern match,Name/marketing indicates family ownership,Miami,Miami-Dade,33186,"13275 Sw 136Th St Bay 10, Miami, FL, 33186",,,,,,CAC,Certified Air Conditioning Contractor,CAC057645; CAC058224,2,"ANGULO, LAZARUS ANTHONY; ANGULO, NELSON",08/31/2026,,FL DBPR Construction License Extract (Current + Active)
OMAR & SON SERVICES INC,HVAC,Family-Owned,Pattern match,Name/marketing indicates family ownership,Opa-Locka,Miami-Dade,33054,"13073 Nw 42Nd Ave, Opa-Locka, FL, 33054",,,,,,CAC,Certified Air Conditioning Contractor,CAC058553,1,"GOMEZ, OMAR",08/31/2028,,FL DBPR Construction License Extract (Current + Active)
"RIOL BROTHERS PLUMBING, LLC",Plumbing,Family-Owned,Pattern match,Name/marketing indicates family ownership,Miami,Miami-Dade,33170,"23061 Sw 124Th Ct, Miami, FL, 33170",,,,,,CFC,Certified Plumbing Contractor,CFC1431309,1,"CRUZ SALAZAR, REINILDER",08/31/2028,,FL DBPR Construction License Extract (Current + Active)
TWIN BROTHERS PLUMBING CONTRACTORS CORP,Plumbing,Family-Owned,Pattern match,Name/marketing indicates family ownership,Miami,Miami-Dade,33145,"1901 Sw 36 Court, Miami, FL, 33145",,,,,,CFC,Certified Plumbing Contractor,CFC1429174,1,"DIAZ, DAVID",08/31/2028,,FL DBPR Construction License Extract (Current + Active)
WILLIAMS AND SON AIR CONDITIONING CORP,HVAC,Family-Owned,Pattern match,Name/marketing indicates family ownership,Miami,Miami-Dade,33170,"23005 Sw 123Rd Ct, Miami, FL, 33170",,,,,,CAC,Certified Air Conditioning Contractor,CAC1816926,1,"CASTILLO, CARLOS A",08/31/2028,,FL DBPR Construction License Extract (Current + Active)
BARRY BROTHERS MECHANICAL LLC,HVAC,Family-Owned,Pattern match,Name/marketing indicates family ownership,Callahan,Nassau,32011,"44866  Artesian Blvd, Callahan, FL, 32011",,,,,,CAC,Certified Air Conditioning Contractor,CAC1821725,1,"BARRY, MICHAEL STEPHEN",08/31/2028,,FL DBPR Construction License Extract (Current + Active)
"BUSH AND SON HEAT & AIR, INC.",HVAC,Family-Owned,Pattern match,Name/marketing indicates family ownership,Shalimar,Okaloosa,32579,"86  Catamaran Ln, Shalimar, FL, 32579",,,,,,CAC,Certified Air Conditioning Contractor,CAC1817464,1,"BUSH, MARK",08/31/2026,,FL DBPR Construction License Extract (Current + Active)
BROTHERS AIR,HVAC,Family-Owned,Pattern match,Name/marketing indicates family ownership,Okeechobee,Okeechobee,34972,"3573 Nw 18Th Ave, Okeechobee, FL, 34972",,,,,,CAC,Certified Air Conditioning Contractor,CAC1821439,1,"BARNES, WESLEY PAUL",08/31/2028,,FL DBPR Construction License Extract (Current + Active)
DANIELS & SON INC,Plumbing,Family-Owned,Pattern match,Name/marketing indicates family ownership,Okeechobee,Okeechobee,34974,"314 Sw 2Nd St, Okeechobee, FL, 34974",,,,,,RF,Registered Plumbing Contractor,RF0042135,1,"DANIELS, LEONARD E JR",08/31/2027,,FL DBPR Construction License Extract (Current + Active)
ADAMS AND SON PLUMBING SERVICE,Plumbing,Family-Owned,Pattern match,Name/marketing indicates family ownership,Orlando,Orange,32817,"9786 Lake Georgia Drive, Orlando, FL, 32817",,,,,,CFC,Certified Plumbing Contractor,CFC057533; CFC1429435,2,"ADAMS, CHANDLER RHEA; ADAMS, MARSHALL GOODE",08/31/2028,,FL DBPR Construction License Extract (Current + Active)
"BENNETT AND SONS AIR CONDITIONING, LLC.",HVAC,Family-Owned,Pattern match,Name/marketing indicates family ownership,Apopka,Orange,32712,"6412 Lake Lerla Drive, Apopka, FL, 32712",,,,,,CAC,Certified Air Conditioning Contractor,CAC051508,1,"BENNETT, HARRY WALTER JR",08/31/2028,,FL DBPR Construction License Extract (Current + Active)
DAVIS BROTHERS PLUMBING L.L.C.,Plumbing,Family-Owned,Pattern match,Name/marketing indicates family ownership,Orlando,Orange,32804,"207 W  Orlando  Street, Orlando, FL, 32804",,,,,,CFC,Certified Plumbing Contractor,CFC1433833; CFC1433848,2,"DAVIS, ZACK AUSTIN; DAVIS, ZANE T",08/31/2026,,FL DBPR Construction License Extract (Current + Active)
DICK BRINK & SON LLC,Plumbing,Family-Owned,Pattern match,Name/marketing indicates family ownership,Orlando,Orange,32804,"1347 Cumbie St, Orlando, FL, 32804",,,,,,RF,Registered Plumbing Contractor,RF0040012,1,"BRINK, RICHARD O",08/31/2027,,FL DBPR Construction License Extract (Current + Active)
FATHER AND SON AIR CONDITIONING AND DUCT INC.,HVAC,Family-Owned,Pattern match,Name/marketing indicates family ownership,Orlando,Orange,32805,"2407 Sea Breeze Court, Orlando, FL, 32805",,,,,,CAC,Certified Air Conditioning Contractor,CAC1823678,1,"VENTRESCA, JON LUKE",08/31/2028,,FL DBPR Construction License Extract (Current + Active)
"MATHIS & SONS AIR AND HEATING, LLC.",HVAC,Family-Owned,Pattern match,Name/marketing indicates family ownership,Orlando,Orange,32859,"Po Box 593226, Orlando, FL, 32859",,,,,,CAC,Certified Air Conditioning Contractor,CAC1818734,1,"MATHIS, STEVEN T",08/31/2028,,FL DBPR Construction License Extract (Current + Active)
RAYA & SONS LLC,HVAC,Family-Owned,Pattern match,Name/marketing indicates family ownership,Apopka,Orange,32712,"1609 Valeview Ct, Apopka, FL, 32712",,,,,,CAC,Certified Air Conditioning Contractor,CAC1824258,1,"RAYA, ALBERTO JUAN",08/31/2026,,FL DBPR Construction License Extract (Current + Active)
BAEZ & SON AIR CONDITION & HEATING LLC,HVAC / Mechanical,Family-Owned,Pattern match,Name/marketing indicates family ownership,Saint Cloud,Osceola,34772,"212 Pink Ibis Bend, Saint Cloud, FL, 34772",,,,,,"CAC, CMC",Certified Air Conditioning Contractor; Certified Mechanical Contractor,CAC1823925; CMC1251747,2,"BAEZ RAMOS, MELVIN",08/31/2028,,FL DBPR Construction License Extract (Current + Active)
DAVE & SONS HVAC SERVICES LLC,HVAC,Family-Owned,Pattern match,Name/marketing indicates family ownership,Kissimmee,Osceola,34746,"2660 Star Grass Circle, Kissimmee, FL, 34746",,,,,,CAC,Certified Air Conditioning Contractor,CAC1823648,1,"SAMLALL, KISHAN",08/31/2028,,FL DBPR Construction License Extract (Current + Active)
"GIBSON & SONS, LLC",HVAC,Family-Owned,Pattern match,Name/marketing indicates family ownership,Celebration,Osceola,34747,"1400 Celebration Ave. Unit 103, Celebration, FL, 34747",,,,,,CAC,Certified Air Conditioning Contractor,CAC1819424,1,"GIBSON, JOHN MACLEAN SR",08/31/2028,,FL DBPR Construction License Extract (Current + Active)
ALFRED A BRIAND JR & SONS CONTRACTORS INC,Plumbing,Family-Owned,Pattern match,Name/marketing indicates family ownership,Deland,Out of State,32724,"1705 Magnolia Avenue, Deland, FL, 32724",,,,,,CFC,Certified Plumbing Contractor,CFC1426234,1,"BRIAND, ALFRED ARTHUR JR",08/31/2028,,FL DBPR Construction License Extract (Current + Active)
B-MAC AND SON PLUMBING LLC,Plumbing,Family-Owned,Pattern match,Name/marketing indicates family ownership,Ormond Beach,Out of State,32174,"110 Greenbriar Ave, Ormond Beach, FL, 32174",,,,,,CFC,Certified Plumbing Contractor,CFC1428115,1,"PRATER, JASON ROY",08/31/2028,,FL DBPR Construction License Extract (Current + Active)
"BRINSON & SONS HEATING & AIR, INC.",Mechanical,Family-Owned,Pattern match,Name/marketing indicates family ownership,Rocky Point,Out of State,28457,"206 Scott Rd, Rocky Point, NC, 28457",,,,,,CMC,Certified Mechanical Contractor,CMC1251361,1,"BRINSON, GREGORY SCOTT",08/31/2028,,FL DBPR Construction License Extract (Current + Active)
BROTHERS HVAC INCORPORATED,HVAC,Family-Owned,Pattern match,Name/marketing indicates family ownership,Beavercreek,Out of State,45432,"3050 Stardus STARDUST DRIVE, Beavercreek, OH, 45432",,,,,,CAC,Certified Air Conditioning Contractor,CAC1821633,1,"THOMAS, SCOTT ALLEN",08/31/2026,,FL DBPR Construction License Extract (Current + Active)
CLARENCE E LUTZ & SONS,Plumbing,Family-Owned,Pattern match,Name/marketing indicates family ownership,New Smyrna Bc,Out of State,32168,"830 Canal Street, New Smyrna Bc, FL, 32168",,,,,,RF,Registered Plumbing Contractor,RF0038702,1,"LUTZ, TERRY P",08/31/2027,,FL DBPR Construction License Extract (Current + Active)
CROWE & SONS INC,HVAC,Family-Owned,Pattern match,Name/marketing indicates family ownership,Tionesta,Out of State,16353,"181 mascaro MASCARO LN, Tionesta, PA, 16353",,,,,,CAC,Certified Air Conditioning Contractor,CAC057685,1,"CROWE, MICHAEL LUCAS",08/31/2026,,FL DBPR Construction License Extract (Current + Active)
FATHER AND SON PLUMBING,Plumbing,Family-Owned,Pattern match,Name/marketing indicates family ownership,Seaford,Out of State,11783,"3971 Darby Lane, Seaford, NY, 11783",,,,,,CFC,Certified Plumbing Contractor,CFC1433358,1,"PASTENA, LORENZO",08/31/2026,,FL DBPR Construction License Extract (Current + Active)
"HUGHES BROTHERS PLUMBING COMPANY, INC.",Plumbing,Family-Owned,Pattern match,Name/marketing indicates family ownership,Byhalia,Out of State,38611,"99 Hughes Dr, Byhalia, MS, 38611",,,,,,CFC,Certified Plumbing Contractor,CFC1430072,1,"WALDROP, LARRY ROLAND JR",08/31/2028,,FL DBPR Construction License Extract (Current + Active)
LATOW BROTHERS PLUMBING INC,Plumbing,Family-Owned,Pattern match,Name/marketing indicates family ownership,Orange City,Out of State,32763,"180 West Blue Springs Ave, Orange City, FL, 32763",,,,,,CFC,Certified Plumbing Contractor,CFC057023; CFC057024,2,"LATOW, DARRIN R; LATOW, DENNIS GEORGE",08/31/2028,,FL DBPR Construction License Extract (Current + Active)
R L VOIGHT & SON LLC,Plumbing,Family-Owned,Pattern match,Name/marketing indicates family ownership,Kensington,Out of State,20895,"3923 Plyers Mill Road, Kensington, MD, 20895",,,,,,CFC,Certified Plumbing Contractor,CFC1428155,1,"SEYMOUR, JOHN LESTER",08/31/2028,,FL DBPR Construction License Extract (Current + Active)
"RAY AND SON HEATING AND AIR CONDITIONING, INC.",Plumbing + HVAC,Family-Owned,Pattern match,Name/marketing indicates family ownership,Hazlehurst,Out of State,31539,"221 Kirkland Still Rd, Hazlehurst, GA, 31539",,,,,,"CFC, CMC",Certified Mechanical Contractor; Certified Plumbing Contractor,CFC1427094; CFC1432665; CMC1249672,3,"DEAN, DARRYL E; RAY, SETH A; STONE, MICHAEL LAMAR",08/31/2028,,FL DBPR Construction License Extract (Current + Active)
"REYNALDS BROTHERS, LLC",Plumbing,Family-Owned,Pattern match,Name/marketing indicates family ownership,Carrollton,Out of State,30117,"555   Columbia Dr, Carrollton, GA, 30117",,,,,,CFC,Certified Plumbing Contractor,CFC1430898,1,"REYNALDS, JOSHUA CALEB",08/31/2026,,FL DBPR Construction License Extract (Current + Active)
S D CHURCH & SONS INC,Plumbing,Family-Owned,Pattern match,Name/marketing indicates family ownership,Santa Rosa Beach,Out of State,32459,"166 F  Crossing Lane, Santa Rosa Beach, FL, 32459",,,,,,CFC,Certified Plumbing Contractor,CFC1425643,1,"CHURCH, STEVEN DWIGHT",08/31/2028,,FL DBPR Construction License Extract (Current + Active)
SHAMBAUGH & SON LP,Mechanical,Family-Owned,Pattern match,Name/marketing indicates family ownership,Fort Wayne,Out of State,46825,"7614 Opportunity Drive, Fort Wayne, IN, 46825",,,,,,CMC,Certified Mechanical Contractor,CMC1249890,1,"MEYERS, PAUL RICHARD JR",08/31/2028,,FL DBPR Construction License Extract (Current + Active)
"SHAPIRO & SONS, INC.",Plumbing,Family-Owned,Pattern match,Name/marketing indicates family ownership,Lillian,Out of State,36549,"8915 Scotts Lane, Lillian, AL, 36549",,,,,,CFC,Certified Plumbing Contractor,CFC1432334,1,"SHAPIRO, KEITH ANTHONY",08/31/2028,,FL DBPR Construction License Extract (Current + Active)
"SWIFT BROTHERS PLUMBING, HEATING & AIR LLC",Plumbing + HVAC,Family-Owned,Pattern match,Name/marketing indicates family ownership,Raleigh,Out of State,27675,"Po Box 90788, Raleigh, NC, 27675",,,,,,"CAC, CFC",Certified Air Conditioning Contractor; Certified Plumbing Contractor,CAC053238; CAC1816851; CAC1824075; CFC1430933; CFC1433007,5,"CONVERSE, JAYSON PAUL; DAS, SUBAL; JERECZEK, DAVID ARTHUR; PRESSON, ALLEN NEWTON",08/31/2028,,FL DBPR Construction License Extract (Current + Active)
"ZEFI & SONS MECHANICAL, INC.",Plumbing,Family-Owned,Pattern match,Name/marketing indicates family ownership,Hawthorne,Out of State,10532,"379 Fort Washington Ave, Hawthorne, NY, 10532",,,,,,CFC,Certified Plumbing Contractor,CFC1431662,1,"ZEFI, JOHN LUKE",08/31/2028,,FL DBPR Construction License Extract (Current + Active)
"A & S & SONS, LLC",HVAC,Family-Owned,Pattern match,Name/marketing indicates family ownership,West Palm Beach,Palm Beach,33411,"13705 46 Ct  N, West Palm Beach, FL, 33411",,,,,,CAC,Certified Air Conditioning Contractor,CAC1818939,1,"EILAND, MICHAEL ALBERT",08/31/2028,,FL DBPR Construction License Extract (Current + Active)
"AC BROTHERS.COM, INC",HVAC,Family-Owned,Pattern match,Name/marketing indicates family ownership,West Palm Beach,Palm Beach,33411,"12435 Persimmon Blvd, West Palm Beach, FL, 33411",,,,,,CAC,Certified Air Conditioning Contractor,CAC1819835,1,"GALVAN GONZALEZ, RICARDO",08/31/2028,,FL DBPR Construction License Extract (Current + Active)
"AGRUSA & SONS CONTRACTING, INC.",Plumbing,Family-Owned,Pattern match,Name/marketing indicates family ownership,North Palm Beach,Palm Beach,33408,"1116 Marine Way West Unit # C-4R, North Palm Beach, FL, 33408",,,,,,CFC,Certified Plumbing Contractor,CFC1430107; CFC1433478,2,"AGRUSA, ANTHONY F; AGRUSA, LOUIS SALVATORE",08/31/2028,,FL DBPR Construction License Extract (Current + Active)
ALTMAN BROTHERS LLC,HVAC,Family-Owned,Pattern match,Name/marketing indicates family ownership,Palm Beach Gardens,Palm Beach,33403,"8625 Burma Road, Palm Beach Gardens, FL, 33403",,,,,,CAC,Certified Air Conditioning Contractor,CAC033567,1,"ALTMAN, BRIAN K",08/31/2026,,FL DBPR Construction License Extract (Current + Active)
"ARCHER AND SON, LLC",Plumbing,Family-Owned,Pattern match,Name/marketing indicates family ownership,Royal Palm Beach,Palm Beach,33411-4958,"100 Peppertree Crescent, Royal Palm Beach, FL, 33411-4958",,,,,,CFC,Certified Plumbing Contractor,CFC1431076,1,"FUENTES, KEVIN ANTHONY",08/31/2028,,FL DBPR Construction License Extract (Current + Active)
"ARNOLD BROTHERS, INC.",HVAC,Family-Owned,Pattern match,Name/marketing indicates family ownership,Lake Worth,Palm Beach,33467,"6867 Lake Island Drive, Lake Worth, FL, 33467",,,,,,CAC,Certified Air Conditioning Contractor,CAC1818520,1,"ARNOLD, EDWARD",08/31/2028,,FL DBPR Construction License Extract (Current + Active)
"BRUNET BROTHERS CONSTRUCTION, CORP",Plumbing + HVAC,Family-Owned,Pattern match,Name/marketing indicates family ownership,West Palm Beach,Palm Beach,33415,"5938 Purdy Lane, West Palm Beach, FL, 33415",,,,,,"CAC, CFC",Certified Air Conditioning Contractor; Certified Plumbing Contractor,CAC1825088; CFC1430197,2,"BRUNET, CARLOS YENYIS",08/31/2028,,FL DBPR Construction License Extract (Current + Active)
"CALLAWAY & SONS AIR CONDITIONING, INC. DBA SHERIDAN AIR COND.",HVAC,Family-Owned,Pattern match,Name/marketing indicates family ownership,Boca Raton,Palm Beach,33432,"1199 Nw 6 Ave, Boca Raton, FL, 33432",,,,,,CAC,Certified Air Conditioning Contractor,CAC039656,1,"DISTLER, WILLIAM HENRY",08/31/2028,,FL DBPR Construction License Extract (Current + Active)
CATOE & SON PLUMBING INC,Plumbing,Family-Owned,Pattern match,Name/marketing indicates family ownership,Riviera Beach,Palm Beach,33407,"7261 Haverhill Business Parkway, Riviera Beach, FL, 33407",,,,,,CFC,Certified Plumbing Contractor,CFC057874,1,"CATOE, WARREN RAY",08/31/2028,,FL DBPR Construction License Extract (Current + Active)
SANDEEN & SONS MECHANICAL INC,Mechanical,Family-Owned,Pattern match,Name/marketing indicates family ownership,Loxahatchee,Palm Beach,33470,"17929 Orange Blvd, Loxahatchee, FL, 33470",,,,,,CMC,Certified Mechanical Contractor,CMC056964,1,"SANDEEN, WILLARD IRVIN JR",08/31/2028,,FL DBPR Construction License Extract (Current + Active)
WRIGHT BROTHERS CONTRACTING SERVICES INC.,Plumbing + HVAC,Family-Owned,Pattern match,Name/marketing indicates family ownership,Palm Beach Gardens,Palm Beach,33418,"8203 Forego Road, Palm Beach Gardens, FL, 33418",,,,,,"CAC, CFC, CMC",Certified Air Conditioning Contractor; Certified Mechanical Contractor; Certified Plumbing Contractor,CAC1815903; CFC1429171; CMC1250440,3,"KYI, ALEX YIN",08/31/2028,,FL DBPR Construction License Extract (Current + Active)
BENJAMIN BROTHERS,HVAC,Family-Owned,Pattern match,Name/marketing indicates family ownership,Port Richey,Pasco,34673,"Po Box 898, Port Richey, FL, 34673",,,,,,CAC,Certified Air Conditioning Contractor,CAC1813403,1,"BENJAMIN, DOUGLAS LAWRENCE JR",08/31/2028,,FL DBPR Construction License Extract (Current + Active)
BROTHERS AIR CONDITIONING,HVAC,Family-Owned,Pattern match,Name/marketing indicates family ownership,Wesley Chapel,Pasco,33545,"30746 Birdhouse Dr, Wesley Chapel, FL, 33545",,,,,,CAC,Certified Air Conditioning Contractor,CAC1824668,1,"SASS, RYAN DONOVAN",08/31/2026,,FL DBPR Construction License Extract (Current + Active)
"BROTHERS AIR COOLING AND HEATING, INC",HVAC,Family-Owned,Pattern match,Name/marketing indicates family ownership,New Port Richey,Pasco,34655,"4934 Deer Lodge Rd, New Port Richey, FL, 34655",,,,,,CAC,Certified Air Conditioning Contractor,CAC1818947,1,"MUSACCHIA, JOHN DANIEL",08/31/2028,,FL DBPR Construction License Extract (Current + Active)
CARSON & SONS PLUMBING LLC,Plumbing,Family-Owned,Pattern match,Name/marketing indicates family ownership,New Port Richey,Pasco,34654,"7641  Propsect Hill Circle, New Port Richey, FL, 34654",,,,,,CFC,Certified Plumbing Contractor,CFC1433099,1,"CARSON, JAMES",08/31/2028,,FL DBPR Construction License Extract (Current + Active)
MCWILLIAMS & SON INC,HVAC,Family-Owned,Pattern match,Name/marketing indicates family ownership,Port Richey,Pasco,34668,"6211 Springer Dr, Port Richey, FL, 34668",,,,,,CAC,Certified Air Conditioning Contractor,CAC1814314,1,"MCWILLIAMS, GILBERT LEE JR",08/31/2028,,FL DBPR Construction License Extract (Current + Active)
FATHER & SONS A/C & HEATING INC,HVAC,Family-Owned,Pattern match,Name/marketing indicates family ownership,St Petersburg,Pinellas,33709,"8095 46Th Ave N, St Petersburg, FL, 33709",,,,,,CAC,Certified Air Conditioning Contractor,CAC057060,1,"SCHNEIDER, RICHARD KEVIN",08/31/2028,,FL DBPR Construction License Extract (Current + Active)
J RAY & SONS AIR CONDITIONING INC,HVAC,Family-Owned,Pattern match,Name/marketing indicates family ownership,Saint Petersburg,Pinellas,33702,"6701 22 Street North, Saint Petersburg, FL, 33702",,,,,,CAC,Certified Air Conditioning Contractor,CAC1815028,1,"RAY, JOHN THOMAS",08/31/2026,,FL DBPR Construction License Extract (Current + Active)
NORMAN BROTHERS PLUMBING LLC,Plumbing,Family-Owned,Pattern match,Name/marketing indicates family ownership,Clearwater,Pinellas,33764,"1467 Hunter Lane, Clearwater, FL, 33764",,,,,,CFC,Certified Plumbing Contractor,CFC1431062,1,"NORMAN, DAVID LLOYD",08/31/2028,,FL DBPR Construction License Extract (Current + Active)
R J LANGE & SON INC,HVAC,Family-Owned,Pattern match,Name/marketing indicates family ownership,Ozona,Pinellas,34660,"P O Box 206, Ozona, FL, 34660",,,,,,CAC,Certified Air Conditioning Contractor,CAC042744,1,"LANGE, SCOTT RICHARD",08/31/2028,,FL DBPR Construction License Extract (Current + Active)
"ROJAS & SONS BUILDING SERVICES, INC.",HVAC,Family-Owned,Pattern match,Name/marketing indicates family ownership,Dunedin,Pinellas,34697,"P.O. Box 32, Dunedin, FL, 34697",,,,,,CAC,Certified Air Conditioning Contractor,CAC1818925,1,"ROJAS, FABIAN A",08/31/2026,,FL DBPR Construction License Extract (Current + Active)
BEARDED BROTHERS AIR CONDITIONING LLC,HVAC,Family-Owned,Pattern match,Name/marketing indicates family ownership,Lakeland,Polk,33809,"5337 North Socrum Loop Road 228, Lakeland, FL, 33809",,,,,,CAC,Certified Air Conditioning Contractor,CAC1820122,1,"LOVELACE, JAMES OLIVER",08/31/2026,,FL DBPR Construction License Extract (Current + Active)
EICHENBERGER AND SON INC,HVAC,Family-Owned,Pattern match,Name/marketing indicates family ownership,Lakeland,Polk,33811,"4015 Sugar Creek Ln., Lakeland, FL, 33811",,,,,,CAC,Certified Air Conditioning Contractor,CAC036908,1,"EICHENBERGER, TIMOTHY P",08/31/2028,,FL DBPR Construction License Extract (Current + Active)
FROST & FLUSH BROTHERS INC,Plumbing + HVAC,Family-Owned,Pattern match,Name/marketing indicates family ownership,Bartow,Polk,33830,"7755 Star Lake Road, Bartow, FL, 33830",,,,,,"CAC, CFC",Certified Air Conditioning Contractor; Certified Plumbing Contractor,CAC1823691; CFC1434296,2,"DIFRANCESCO, JAMIE LEE; HARTWELL, RICKY JAMES",08/31/2026,,FL DBPR Construction License Extract (Current + Active)
MATHES AND SON PLUMBING INC,Plumbing,Family-Owned,Pattern match,Name/marketing indicates family ownership,Winter Haven,Polk,33880,"11 Hurst Road, Winter Haven, FL, 33880",,,,,,CFC,Certified Plumbing Contractor,CFC1429340,1,"MATHES, DAVID CHAD",08/31/2028,,FL DBPR Construction License Extract (Current + Active)
RIDEOUT & SONS A/C & HEATING INC,HVAC,Family-Owned,Pattern match,Name/marketing indicates family ownership,Lakeland,Polk,33801,"508 N Ingraham Ave, Lakeland, FL, 33801",,,,,,CAC,Certified Air Conditioning Contractor,CAC053232,1,"RIDEOUT, CHARLES BRADLEY",08/31/2028,,FL DBPR Construction License Extract (Current + Active)
RYALS BROTHERS INC,HVAC,Family-Owned,Pattern match,Name/marketing indicates family ownership,Lakeland,Polk,33811,"3897 Whistlewood Circle, Lakeland, FL, 33811",,,,,,CAC,Certified Air Conditioning Contractor,CAC056846,1,"CROFT, CARLTON REECE",08/31/2028,,FL DBPR Construction License Extract (Current + Active)
SPRINGER BROTHERS AIR CONDITIONING AND HEATING,HVAC,Family-Owned,Pattern match,Name/marketing indicates family ownership,Auburndale,Polk,33823,"412 Dixie Highway, Auburndale, FL, 33823",,,,,,CAC,Certified Air Conditioning Contractor,CAC1817503,1,"BLASCHKE, JAMES N",08/31/2028,,FL DBPR Construction License Extract (Current + Active)
WRIGHT BROTHERS DISCOUNT AIR INC,HVAC,Family-Owned,Pattern match,Name/marketing indicates family ownership,Palatka,Putnam,32177-8309,"180 Buffalo Bluff Road, Palatka, FL, 32177-8309",,,,,,CAC,Certified Air Conditioning Contractor,CAC1814646,1,"WRIGHT, JIMMY KIM",08/31/2026,,FL DBPR Construction License Extract (Current + Active)
CARTER & SONS SEPTIC TANK SERVICE,Plumbing,Family-Owned,Pattern match,Name/marketing indicates family ownership,Milton,Santa Rosa,32570,"6642 Trammel Drive, Milton, FL, 32570",,,,,,CFC,Certified Plumbing Contractor,CFC1432123,1,"KIMMONS, DANNY RAY",08/31/2026,,FL DBPR Construction License Extract (Current + Active)
KIMMONS AND SONS PLUMBING AND GAS LLC.,Plumbing,Family-Owned,Pattern match,Name/marketing indicates family ownership,Milton,Santa Rosa,32570,"6642 Trammel Drive, Milton, FL, 32570",,,,,,"CFC, RF",Certified Plumbing Contractor; Registered Plumbing Contractor,CFC1429628; RF11067992,2,"KIMMONS, DANNY RAY; KIMMONS, JUSTIN RAY",08/31/2027,,FL DBPR Construction License Extract (Current + Active)
BISHOP BROTHERS AIR CONDITIONING,HVAC,Family-Owned,Pattern match,Name/marketing indicates family ownership,North Port,Sarasota,34286,"2650 Crane Ave, North Port, FL, 34286",,,,,,CAC,Certified Air Conditioning Contractor,CAC1825119,1,"MCNAMARA, ALLEN B",08/31/2028,,FL DBPR Construction License Extract (Current + Active)
JOHNSON & SONS PLUMBING LLC,Plumbing,Family-Owned,Pattern match,Name/marketing indicates family ownership,Sarasota,Sarasota,34235,"1770 White Orchid Court, Sarasota, FL, 34235",,,,,,CFC,Certified Plumbing Contractor,CFC1432439,1,"JOHNSON, STEVEN LEWIS",08/31/2028,,FL DBPR Construction License Extract (Current + Active)
PARDO & SON BATHROOM REMODELING INC,Plumbing,Family-Owned,Pattern match,Name/marketing indicates family ownership,Casselberry,Seminole,32707,"171  N Cypress Way Suite 100, Casselberry, FL, 32707",,,,,,CFC,Certified Plumbing Contractor,CFC1425999,1,"PARDO, JOHN III",08/31/2028,,FL DBPR Construction License Extract (Current + Active)
ALDRIDGE & SONS PLUMBING CONTRACTORS INC,Plumbing,Family-Owned,Pattern match,Name/marketing indicates family ownership,St. Johns,St. Johns,32259,"1236 Fruit Cove Drive North, St. Johns, FL, 32259",,,,,,CFC,Certified Plumbing Contractor,CFC1426235,1,"ALDRIDGE, WILLIAM T",08/31/2028,,FL DBPR Construction License Extract (Current + Active)
GAUSE AND SONS PLUMBING COMPANY,Plumbing,Family-Owned,Pattern match,Name/marketing indicates family ownership,St.Johns,St. Johns,32259,"178  Edisto Place, St.Johns, FL, 32259",,,,,,CFC,Certified Plumbing Contractor,CFC1428444,1,"GAUSE, GREGORY K",08/31/2028,,FL DBPR Construction License Extract (Current + Active)
"WRIGHT BROTHERS HEATING AND AIR CONDITIONING, LLC",HVAC,Family-Owned,Pattern match,Name/marketing indicates family ownership,St. Augustine,St. Johns,32086,"2649 Isabella Ave, St. Augustine, FL, 32086",,,,,,CAC,Certified Air Conditioning Contractor,CAC1824035,1,"WRIGHT, AUSTIN KYLE",08/31/2028,,FL DBPR Construction License Extract (Current + Active)
BLACKWELL & SONS AIR CONDITIONING AND HEATING LLC,HVAC,Family-Owned,Pattern match,Name/marketing indicates family ownership,Fort Pierce,St. Lucie,34946,"317 Saint Lucie Ln, Fort Pierce, FL, 34946",,,,,,CAC,Certified Air Conditioning Contractor,CAC1816791,1,"BLACKWELL, MARK EDWARD",08/31/2028,,FL DBPR Construction License Extract (Current + Active)
JOSEPH AND SON PLUMBING LLC,Plumbing,Family-Owned,Pattern match,Name/marketing indicates family ownership,Fort Pierce,St. Lucie,34945,"11546 Okeechobee Road, Fort Pierce, FL, 34945",,,,,,CFC,Certified Plumbing Contractor,CFC1432003,1,"MEFFORD, JOSEPH HINTON",08/31/2028,,FL DBPR Construction License Extract (Current + Active)
LANGEL BROTHERS HEATING AND COOLING INC,HVAC,Family-Owned,Pattern match,Name/marketing indicates family ownership,Port St Lucie,St. Lucie,34983,"5475 Nw St. James Dr Suite 223, Port St Lucie, FL, 34983",,,,,,CAC,Certified Air Conditioning Contractor,CAC1822961,1,"LANGEL, PHILLIP PATRICK",08/31/2026,,FL DBPR Construction License Extract (Current + Active)
OSCAR & SONS AIR CONDITIONING INC,HVAC,Family-Owned,Pattern match,Name/marketing indicates family ownership,Fort Pierce,St. Lucie,34948,"Po Box 3084, Fort Pierce, FL, 34948",,,,,,CAC,Certified Air Conditioning Contractor,CAC1821675,1,"JIMENEZ, OSCAR III",08/31/2028,,FL DBPR Construction License Extract (Current + Active)
BAKER & SONS AIR CONDITIONING INC,HVAC,Family-Owned,Pattern match,Name/marketing indicates family ownership,,Unknown,,,,,,,,CAC,Certified Air Conditioning Contractor,CAC1813986,1,"BAKER, WILLIAM DAVID",08/31/2028,,FL DBPR Construction License Extract (Current + Active)
BRINGAS AND SONS INC,Plumbing,Family-Owned,Pattern match,Name/marketing indicates family ownership,,Unknown,,,,,,,,CFC,Certified Plumbing Contractor,CFC1430461,1,"BRINGAS, RAUL JR.",08/31/2028,,FL DBPR Construction License Extract (Current + Active)
C. R. MEYER AND SONS COMPANY,Plumbing + HVAC,Family-Owned,Pattern match,Name/marketing indicates family ownership,Hudsonville,Unknown,49426,"5736 Cory Dr, Hudsonville, MI, 49426",,,,,,"CFC, CMC",Certified Mechanical Contractor; Certified Plumbing Contractor,CFC1429362; CMC1250154,2,"CAVADEAS, GEORGE FRANCIS",08/31/2028,,FL DBPR Construction License Extract (Current + Active)
"HIGGINBOTHAM BROTHERS CONSTRUCTION, INC",HVAC,Family-Owned,Pattern match,Name/marketing indicates family ownership,,Unknown,,,,,,,,CAC,Certified Air Conditioning Contractor,CAC1823438,1,"HIGGINBOTHAM, BRYAN LEE",08/31/2028,,FL DBPR Construction License Extract (Current + Active)
JONES & SONS PLUMBING AND AIR INC,Plumbing,Family-Owned,Pattern match,Name/marketing indicates family ownership,Fitzgerald,Unknown,31750,"289 Locust Rd, Fitzgerald, GA, 31750",,,,,,CFC,Certified Plumbing Contractor,CFC1431854,1,"KELLOW, ROBERT EUGENE",08/31/2026,,FL DBPR Construction License Extract (Current + Active)
WAYNE MARTIN AND SON SIGNATURE AIR CONDITIONING,HVAC,Family-Owned,Pattern match,Name/marketing indicates family ownership,Franklin,Unknown,28734,"6736 Wayah Rd, Franklin, NC, 28734",,,,,,CAC,Certified Air Conditioning Contractor,CAC1818195,1,"VOIT, BENJAMIN DAVID",08/31/2026,,FL DBPR Construction License Extract (Current + Active)
WWW ENTERPRISES & SON INC,HVAC,Family-Owned,Pattern match,Name/marketing indicates family ownership,,Unknown,,,,,,,,CAC,Certified Air Conditioning Contractor,CAC058393,1,"GAHN, WANDA A",08/31/2028,,FL DBPR Construction License Extract (Current + Active)
