call_order,result,company_name,phone,county,city,ownership_type,tier,website,google_rating,google_reviews,address,sms_opener,notes
1,,"FIRST CHOICE PLUS PLUMBING & AIR, LLC",(772) 275-3760,St. Lucie,Port St Lucie,Independent / Likely Family-Owned (unverified),B — Phone + priority county,www.firstchoiceplumbingsolutions.com,4.9,1046,"470 Se Pine  SE PINE RD, Port St Lucie, FL, 34984",Hi FIRST — Alex with PalmLeads. We send Port St Lucie homeowners who need a plumber/HVAC tech NOW to local shops. No upfront fee — pay only for qualified leads. Open to a 5-min call this week?,
2,,DOM BELLA PLUMBING LLC,(772) 202-0944,St. Lucie,Port Saint Lucie,Independent / Likely Family-Owned (unverified),B — Phone + priority county,dombellaplumbing.com,4.9,383,"6104 Nw Butterfly Orchid Place, Port Saint Lucie, FL, 34986",Hi DOM — Alex with PalmLeads. We send Port Saint Lucie homeowners who need a plumber/HVAC tech NOW to local shops. No upfront fee — pay only for qualified leads. Open to a 5-min call this week?,
3,,REEL PLUMBING INCORPORATED INC,(772) 621-8282,St. Lucie,Fort Pierce,Independent / Likely Family-Owned (unverified),B — Phone + priority county,reelplumbing.com,4.9,323,"4715 S Us Highway 1, Fort Pierce, FL, 34982",Hi REEL — Alex with PalmLeads. We send Fort Pierce homeowners who need a plumber/HVAC tech NOW to local shops. No upfront fee — pay only for qualified leads. Open to a 5-min call this week?,
4,,GENESIS PLUMBING SERVICES INC,(772) 337-3682,St. Lucie,Port St Lucie,Independent / Likely Family-Owned (unverified),B — Phone + priority county,genesisplumbingservices.com,4.9,310,"1532 Se Village Green Dr Suite B, Port St Lucie, FL, 34952-5549",Hi GENESIS — Alex with PalmLeads. We send Port St Lucie homeowners who need a plumber/HVAC tech NOW to local shops. No upfront fee — pay only for qualified leads. Open to a 5-min call this week?,
5,,DYLEWSKI PLUMBING INC,(772) 283-8640,Martin,Stuart,Independent / Likely Family-Owned (unverified),B — Phone + priority county,martincountyplumbing.com,4.8,285,"2285 Sw Ranch Trail, Stuart, FL, 34997",Hi DYLEWSKI — Alex with PalmLeads. We send Stuart homeowners who need a plumber/HVAC tech NOW to local shops. No upfront fee — pay only for qualified leads. Open to a 5-min call this week?,
6,,TRADEMARK PLUMBING LLC,(772) 292-7687,St. Lucie,Port St Lucie,Independent / Likely Family-Owned (unverified),B — Phone + priority county,www.thetrademarkplumber.com,5,232,"3141 Sw Esperanto Street, Port St Lucie, FL, 34953",Hi TRADEMARK — Alex with PalmLeads. We send Port St Lucie homeowners who need a plumber/HVAC tech NOW to local shops. No upfront fee — pay only for qualified leads. Open to a 5-min call this week?,
7,,BRIAN HOLLINGER PLUMBING,(561) 502-0592,Palm Beach,Loxahatchee,Independent / Likely Family-Owned (unverified),B — Phone + priority county,www.bhppbc.com,4.8,144,"15885 80Th Lane North, Loxahatchee, FL, 33470",Hi BRIAN — Alex with PalmLeads. We send Loxahatchee homeowners who need a plumber/HVAC tech NOW to local shops. No upfront fee — pay only for qualified leads. Open to a 5-min call this week?,
8,,THE PLUMBING WORKS INC.,(772) 336-7272,St. Lucie,Port St Lucie,Independent / Likely Family-Owned (unverified),B — Phone + priority county,www.theplumbingworksinc.com,4.8,84,"2178 Reserve Park Trace, Port St Lucie, FL, 34986",Hi THE — Alex with PalmLeads. We send Port St Lucie homeowners who need a plumber/HVAC tech NOW to local shops. No upfront fee — pay only for qualified leads. Open to a 5-min call this week?,
9,,SWIFTLINE PLUMBING LLC,(772) 359-0005,St. Lucie,Port St Lucie,Independent / Likely Family-Owned (unverified),B — Phone + priority county,swiftlineplumbing.com,4.8,75,"11186 Sw Kingslake Circle, Port St Lucie, FL, 34987",Hi SWIFTLINE — Alex with PalmLeads. We send Port St Lucie homeowners who need a plumber/HVAC tech NOW to local shops. No upfront fee — pay only for qualified leads. Open to a 5-min call this week?,
10,,THE PLUMBING COMPANY OF THE TREASURE COAST INC,(772) 223-8688,Martin,Palm City,Independent / Likely Family-Owned (unverified),B — Phone + priority county,www.theplumbingco.net,4.4,70,"2095  Sw Mapp Rd, Palm City, FL, 34990",Hi THE — Alex with PalmLeads. We send Palm City homeowners who need a plumber/HVAC tech NOW to local shops. No upfront fee — pay only for qualified leads. Open to a 5-min call this week?,
11,,FITZPATRICK PLUMBING INC,(772) 464-5115,St. Lucie,Ft Pierce,Independent / Likely Family-Owned (unverified),B — Phone + priority county,www.fitzpatrickplumbingfl.com,4.5,61,"P O Box 12117, Ft Pierce, FL, 34979-2117",Hi FITZPATRICK — Alex with PalmLeads. We send Ft Pierce homeowners who need a plumber/HVAC tech NOW to local shops. No upfront fee — pay only for qualified leads. Open to a 5-min call this week?,
12,,AQUA DIMENSIONS PLUMBING SERVICES INC,(772) 344-8433,Martin,Palm City,Independent / Likely Family-Owned (unverified),B — Phone + priority county,www.aquadimensions.com,3.5,45,"9733 Southwest Santa Monica Drive, Palm City, FL, 34990",Hi AQUA — Alex with PalmLeads. We send Palm City homeowners who need a plumber/HVAC tech NOW to local shops. No upfront fee — pay only for qualified leads. Open to a 5-min call this week?,
13,,TRADITION PLUMBING SERVICES LLC,(772) 877-1258,St. Lucie,Port St Lucie,Independent / Likely Family-Owned (unverified),B — Phone + priority county,traditionplumbingllc.com,5,42,"1502 Sw Santander Ave, Port St Lucie, FL, 34953",Hi TRADITION — Alex with PalmLeads. We send Port St Lucie homeowners who need a plumber/HVAC tech NOW to local shops. No upfront fee — pay only for qualified leads. Open to a 5-min call this week?,
14,,"TRADITION PLUMBING, LLC",(772) 877-1258,St. Lucie,Port St Lucie,Independent / Likely Family-Owned (unverified),B — Phone + priority county,traditionplumbingllc.com,5,42,"1599  Sw Hextel Ave, Port St Lucie, FL, 34953",Hi TRADITION — Alex with PalmLeads. We send Port St Lucie homeowners who need a plumber/HVAC tech NOW to local shops. No upfront fee — pay only for qualified leads. Open to a 5-min call this week?,
15,,"G PLUMBING, INC",(772) 410-7346,St. Lucie,Port Saint Lucie,Independent / Likely Family-Owned (unverified),B — Phone + priority county,www.gplumbinginc.com,4.8,36,"2111 Sw Truxton Court, Port Saint Lucie, FL, 34953",Hi G — Alex with PalmLeads. We send Port Saint Lucie homeowners who need a plumber/HVAC tech NOW to local shops. No upfront fee — pay only for qualified leads. Open to a 5-min call this week?,
16,,PEERLESS PLUMBING AND DRAIN SERVICES INCORPORATED,(772) 223-1356,St. Lucie,Port Saint Lucie,Independent / Likely Family-Owned (unverified),B — Phone + priority county,www.peerlessplumbing.net,4.4,34,"1193  Se Port Saint Lucie Blvd Suite 152, Port Saint Lucie, FL, 34952",Hi PEERLESS — Alex with PalmLeads. We send Port Saint Lucie homeowners who need a plumber/HVAC tech NOW to local shops. No upfront fee — pay only for qualified leads. Open to a 5-min call this week?,
17,,SOUTHPAW PLUMBING AND METERING SERVICES LLC,(772) 486-0914,St. Lucie,Fort Pierce,Independent / Likely Family-Owned (unverified),B — Phone + priority county,www.southpawwater.com,4.5,34,"1237 Delaware Ave, Fort Pierce, FL, 34950",Hi SOUTHPAW — Alex with PalmLeads. We send Fort Pierce homeowners who need a plumber/HVAC tech NOW to local shops. No upfront fee — pay only for qualified leads. Open to a 5-min call this week?,
18,,BENJAMIN DREW'S PLUMBING & DRAIN SERVICES INC,(772) 877-2962,St. Lucie,Port Saint Lucie,Independent / Likely Family-Owned (unverified),B — Phone + priority county,benjamindrewsplumbing.net,4.8,32,"11582  Sw Village Parkway Mailbox #61, Port Saint Lucie, FL, 34987",Hi BENJAMIN — Alex with PalmLeads. We send Port Saint Lucie homeowners who need a plumber/HVAC tech NOW to local shops. No upfront fee — pay only for qualified leads. Open to a 5-min call this week?,
19,,PORT ST LUCIE PLUMBING INC,(772) 468-6524,St. Lucie,Port Saint Lucie,Independent / Likely Family-Owned (unverified),B — Phone + priority county,www.portstlucieplumbinginc.com,4.6,31,"900 Elyse Cr., Port Saint Lucie, FL, 34952",Hi PORT — Alex with PalmLeads. We send Port Saint Lucie homeowners who need a plumber/HVAC tech NOW to local shops. No upfront fee — pay only for qualified leads. Open to a 5-min call this week?,
20,,DRIP STOP PLUMBING LLC,(772) 722-0051,St. Lucie,Port St Lucie,Independent / Likely Family-Owned (unverified),B — Phone + priority county,dripstopplumbingfl.com,5,30,"356 Nw Hogan St, Port St Lucie, FL, 34983",Hi DRIP — Alex with PalmLeads. We send Port St Lucie homeowners who need a plumber/HVAC tech NOW to local shops. No upfront fee — pay only for qualified leads. Open to a 5-min call this week?,
21,,"BLUEWATER PLUMBING OF THE TREASURE COAST, LLC",(772) 301-9338,St. Lucie,Port St Lucie,Independent / Likely Family-Owned (unverified),B — Phone + priority county,,5,27,"557 Nw Ferris Drive, Port St Lucie, FL, 34983",Hi BLUEWATER — Alex with PalmLeads. We send Port St Lucie homeowners who need a plumber/HVAC tech NOW to local shops. No upfront fee — pay only for qualified leads. Open to a 5-min call this week?,
22,,SEE-RAY PLUMBING INC,(772) 494-7199,St. Lucie,Fort Pierce,Independent / Likely Family-Owned (unverified),B — Phone + priority county,www.seerayplumbing.com,4.2,27,"5351 Tree Top Trail, Fort Pierce, FL, 34951",Hi SEE-RAY — Alex with PalmLeads. We send Fort Pierce homeowners who need a plumber/HVAC tech NOW to local shops. No upfront fee — pay only for qualified leads. Open to a 5-min call this week?,
23,,"ABOUT PLUMBING, LLC",(772) 607-4463,St. Lucie,Fort Pierce,Independent / Likely Family-Owned (unverified),B — Phone + priority county,www.about-plumbing.com,5,26,"5810 Raintree Trail, Fort Pierce, FL, 34982",Hi ABOUT — Alex with PalmLeads. We send Fort Pierce homeowners who need a plumber/HVAC tech NOW to local shops. No upfront fee — pay only for qualified leads. Open to a 5-min call this week?,
24,,AMERI-TECH PLUMBING INC,(772) 879-0754,Martin,Palm City,Independent / Likely Family-Owned (unverified),B — Phone + priority county,www.ameritechplumbing.com,4.2,26,"3526 Armellini Ave, Palm City, FL, 34990",Hi AMERI-TECH — Alex with PalmLeads. We send Palm City homeowners who need a plumber/HVAC tech NOW to local shops. No upfront fee — pay only for qualified leads. Open to a 5-min call this week?,
25,,JOE HILLMAN PLUMBERS INC,(954) 283-5468,Broward,Davie,Independent / Likely Family-Owned (unverified),B — Phone + priority county,www.joehillmanplumbers.com,4.2,14,"2280 Sw 70Th Ave Suites 1 & 2, Davie, FL, 33317",Hi JOE — Alex with PalmLeads. We send Davie homeowners who need a plumber/HVAC tech NOW to local shops. No upfront fee — pay only for qualified leads. Open to a 5-min call this week?,
26,,FLORIDA PLUMBING & SOLAR LLC,(772) 323-4777,St. Lucie,Fort Pierce,Independent / Likely Family-Owned (unverified),B — Phone + priority county,,5,13,"8101 Fort Pierce Blvd, Fort Pierce, FL, 34951",Hi FLORIDA — Alex with PalmLeads. We send Fort Pierce homeowners who need a plumber/HVAC tech NOW to local shops. No upfront fee — pay only for qualified leads. Open to a 5-min call this week?,
27,,PALM CITY PLUMBING INC.,(772) 382-9590,Martin,Palm City,Independent / Likely Family-Owned (unverified),B — Phone + priority county,palmcityplumbers.com,5,13,"11910 S.W. Parson Brown Ct., Palm City, FL, 34990",Hi PALM — Alex with PalmLeads. We send Palm City homeowners who need a plumber/HVAC tech NOW to local shops. No upfront fee — pay only for qualified leads. Open to a 5-min call this week?,
28,,DOUBLE D'S PLUMBING EXPERTISE LLC,(772) 348-0025,St. Lucie,Port Saint Lucie,Independent / Likely Family-Owned (unverified),B — Phone + priority county,doubledsplumbingexpertise.com/double-d-s-plumbing-expertise,5,10,"1224 Sw Mancuso Avenue, Port Saint Lucie, FL, 34953",Hi DOUBLE — Alex with PalmLeads. We send Port Saint Lucie homeowners who need a plumber/HVAC tech NOW to local shops. No upfront fee — pay only for qualified leads. Open to a 5-min call this week?,
29,,DATTILE PLUMBING,(561) 793-7484,Palm Beach,Royal Palm Beach,Independent / Likely Family-Owned (unverified),B — Phone + priority county,www.dattileplumbing.com,5,9,"1127 Royal Palm Beach Blvd 419, Royal Palm Beach, FL, 33411",Hi DATTILE — Alex with PalmLeads. We send Royal Palm Beach homeowners who need a plumber/HVAC tech NOW to local shops. No upfront fee — pay only for qualified leads. Open to a 5-min call this week?,
30,,FREE FLOW PLUMBING & DESIGN INC,(772) 879-7277,St. Lucie,Port St Lucie,Independent / Likely Family-Owned (unverified),B — Phone + priority county,www.freeflowplumb.com,4.1,7,"2393 Sw Ivory Road, Port St Lucie, FL, 34953",Hi FREE — Alex with PalmLeads. We send Port St Lucie homeowners who need a plumber/HVAC tech NOW to local shops. No upfront fee — pay only for qualified leads. Open to a 5-min call this week?,
31,,"REGAL PLUMBING, LLC",(772) 292-5518,St. Lucie,Port St Lucie,Independent / Likely Family-Owned (unverified),B — Phone + priority county,www.myregalplumbing.com,5,7,"881593 Port St Lucie, Port St Lucie, FL, 34988",Hi REGAL — Alex with PalmLeads. We send Port St Lucie homeowners who need a plumber/HVAC tech NOW to local shops. No upfront fee — pay only for qualified leads. Open to a 5-min call this week?,
32,,STONE PLUMBING,(772) 444-6981,Martin,Stuart,Independent / Likely Family-Owned (unverified),B — Phone + priority county,www.stoneplumbingservice.com,4.4,7,"7811 Ellipse Way Unit C-6, Stuart, FL, 34997",Hi STONE — Alex with PalmLeads. We send Stuart homeowners who need a plumber/HVAC tech NOW to local shops. No upfront fee — pay only for qualified leads. Open to a 5-min call this week?,
33,,CROSSTOWN PLUMBING SOLUTIONS LLC,(772) 284-2227,St. Lucie,Port St Lucie,Independent / Likely Family-Owned (unverified),B — Phone + priority county,,5,3,"10570 Us Hwy 1 Suite 300, Port St Lucie, FL, 34952",Hi CROSSTOWN — Alex with PalmLeads. We send Port St Lucie homeowners who need a plumber/HVAC tech NOW to local shops. No upfront fee — pay only for qualified leads. Open to a 5-min call this week?,
34,,AZTEC PLUMBING INC,(239) 666-3900,Lee,Cape Coral,Family-Owned,A — Family + phone + priority county,www.aztecplumbing.net/service-area/fort-myers-fl,4.8,5997,"11922 Prince Charles Ct., Cape Coral, FL, 33991",Hi AZTEC — Alex with PalmLeads. We send Cape Coral homeowners who need a plumber/HVAC tech NOW to local shops. No upfront fee — pay only for qualified leads. Open to a 5-min call this week?,
35,,MOEN BROTHERS PLUMBING & DRAIN LLC,(239) 567-9933,Collier,Naples,Family-Owned,A — Family + phone + priority county,www.moenbrothers.com,4.9,706,"16265  Aberdeen Way, Naples, FL, 34110",Hi MOEN — Alex with PalmLeads. We send Naples homeowners who need a plumber/HVAC tech NOW to local shops. No upfront fee — pay only for qualified leads. Open to a 5-min call this week?,
36,,JOHNSON & SONS PLUMBING LLC,(941) 879-6430,Sarasota,Sarasota,Family-Owned,A — Family + phone + priority county,johnsonandsonsplumbingllc.com,4.9,56,"1770 White Orchid Court, Sarasota, FL, 34235",Hi JOHNSON — Alex with PalmLeads. We send Sarasota homeowners who need a plumber/HVAC tech NOW to local shops. No upfront fee — pay only for qualified leads. Open to a 5-min call this week?,
37,,"PICARD & SONS PLUMBING, LLC",(941) 773-1039,Manatee,Bradenton,Family-Owned,A — Family + phone + priority county,picardandsonsplumbing.com/contact/4473272,4.6,25,"8403 14Th Ave Nw, Bradenton, FL, 34209",Hi PICARD — Alex with PalmLeads. We send Bradenton homeowners who need a plumber/HVAC tech NOW to local shops. No upfront fee — pay only for qualified leads. Open to a 5-min call this week?,
38,,FARRELL AIR CONDITIONING INC.,(727) 607-6953,Pasco,Port Richey,Independent / Likely Family-Owned (unverified),B — Phone + priority county,gofarrellplumbing.com,4.9,2276,"6835 Commerce Ave, Port Richey, FL, 34668",Hi FARRELL — Alex with PalmLeads. We send Port Richey homeowners who need a plumber/HVAC tech NOW to local shops. No upfront fee — pay only for qualified leads. Open to a 5-min call this week?,
39,,FARRELL PLUMBING INC.,(727) 607-6953,Pasco,Port Richey,Independent / Likely Family-Owned (unverified),B — Phone + priority county,gofarrellplumbing.com,4.9,2276,"6835 Commerce Ave, Port Richey, FL, 34668",Hi FARRELL — Alex with PalmLeads. We send Port Richey homeowners who need a plumber/HVAC tech NOW to local shops. No upfront fee — pay only for qualified leads. Open to a 5-min call this week?,
40,,FLOW PROS LLC,(727) 265-9639,Pinellas,St. Petersburg,Independent / Likely Family-Owned (unverified),B — Phone + priority county,www.flowprosllc.com,4.9,2225,"635 37Th Ave Ne, St. Petersburg, FL, 33704",Hi FLOW — Alex with PalmLeads. We send St. Petersburg homeowners who need a plumber/HVAC tech NOW to local shops. No upfront fee — pay only for qualified leads. Open to a 5-min call this week?,
